target,method,positives,base_rate,ap,ap_lift,enrich@0.10,enrich@0.25,enrich@0.50,prec@0.25,clusters@0.25,share@0.25,ap_lift_lo,ap_lift_hi,enrich@0.10_lo,enrich@0.10_hi,enrich@0.25_lo,enrich@0.25_hi,enrich@0.50_lo,enrich@0.50_hi,d_ap_lift,d_ap_lift_lo,d_ap_lift_hi,d_ap_lift_p,d_enrich@0.10,d_enrich@0.10_lo,d_enrich@0.10_hi,d_enrich@0.10_p,d_enrich@0.25,d_enrich@0.25_lo,d_enrich@0.25_hi,d_enrich@0.25_p,d_enrich@0.50,d_enrich@0.50_lo,d_enrich@0.50_hi,d_enrich@0.50_p,d_ap_lift_p_holm
L2:coinbase,reference,749,0.00028980522770402964,0.006772747217911828,23.376178583268164,34.36319205638644,34.36319205638644,34.36319205638644,0.009956275074895273,1.0,0.018233306632162875,21.305524150154415,25.663765077348806,32.45274537275195,36.42490624736506,32.45274537275195,36.42490624736506,32.45274537275195,36.42490624736506,,,,,,,,,,,,,,,,,
L2:coinbase,s=0.5,749,0.00028980522770402964,0.00601925890479853,20.77596756183825,30.826994054916597,30.826994054916597,30.826994054916597,0.008931577722814155,1.0,0.020326657714958767,18.955781059249023,22.860820877366592,29.112652747761544,32.63661191092091,29.112652747761544,32.63661191092091,29.112652747761544,32.63661191092091,-2.6002110214299137,-2.899077942013017,-2.337347208092778,0.001998001998001998,-3.5361980014698418,-3.9072204523261984,-3.2004500486950858,0.001998001998001998,-3.5361980014698418,-3.9072204523261984,-3.2004500486950858,0.001998001998001998,-3.5361980014698418,-3.9072204523261984,-3.2004500486950858,0.001998001998001998,0.021978021978021976
L2:coinbase,s=1.0,749,0.00028980522770402964,0.006539600655428822,22.57159563858298,33.63922598907144,33.63922598907144,33.63922598907144,0.009746558088820063,1.0,0.018625250699383818,20.535795537651488,24.856062487704953,31.7566734944568,35.620499061221054,31.7566734944568,35.620499061221054,31.7566734944568,35.620499061221054,-0.8045829446851833,-0.9697145084569339,-0.6683353152632147,0.001998001998001998,-0.723966067314997,-0.9831478078221522,-0.4997171538840705,0.001998001998001998,-0.723966067314997,-0.9831478078221522,-0.4997171538840705,0.001998001998001998,-0.723966067314997,-0.9831478078221522,-0.4997171538840705,0.001998001998001998,0.021978021978021976
L2:coinbase,s=2.0,749,0.00028980522770402964,0.007195734566138539,24.835129102885336,36.56251284063195,36.56251284063195,36.56251284063195,0.010593954761663945,1.0,0.017132731145413936,22.689428902113207,27.370677687357695,34.46506620228511,38.77739858886922,34.46506620228511,38.77739858886922,34.46506620228511,38.77739858886922,1.4589505196171721,1.259301946492986,1.6765000174106055,0.001998001998001998,2.199320784245515,1.9327019994627141,2.4779207253779307,0.001998001998001998,2.199320784245515,1.9327019994627141,2.4779207253779307,0.001998001998001998,2.199320784245515,1.9327019994627141,2.4779207253779307,0.001998001998001998,0.021978021978021976
L2:coinbase,s=3.0,749,0.00028980522770402964,0.003584596561462595,12.368776089803198,18.257075948459672,18.257075948459672,14.209420924174701,0.005290985022977642,1.0,0.026250987838353446,11.167066595347059,13.567114985582506,16.832499641492223,19.63932656287166,16.832499641492223,19.63932656287166,12.419148685405238,19.52428421520042,-11.007402493464966,-12.481288844279636,-9.748485796387008,0.001998001998001998,-16.106116107926766,-17.484211474630857,-14.729509088270875,0.001998001998001998,-16.106116107926766,-17.484211474630857,-14.729509088270875,0.001998001998001998,-20.153771132211737,-21.871148894618933,-16.379506920790895,0.001998001998001998,0.021978021978021976
L2:coinbase,K0=10,749,0.00028980522770402964,0.008814731797097623,30.422322756650956,45.81118017949122,45.81118017949122,45.81118017949122,0.013273795893588717,1.0,0.013732892108749364,27.525953371082707,33.56134286564566,43.055011953880225,48.548832437094404,43.055011953880225,48.548832437094404,43.055011953880225,48.548832437094404,7.0461441733827925,6.151874452620518,7.996698055861462,0.001998001998001998,11.447988123104778,10.548806569241421,12.290241508388435,0.001998001998001998,11.447988123104778,10.548806569241421,12.290241508388435,0.001998001998001998,11.447988123104778,10.548806569241421,12.290241508388435,0.001998001998001998,0.021978021978021976
L2:coinbase,K0=20,749,0.00028980522770402964,0.005764964954224703,19.897370064086765,29.569986333333734,29.569986333333734,29.569986333333734,0.00856755259214733,1.0,0.02128050858992976,18.06188894367243,21.915576529158454,27.893021856733267,31.3170518039044,27.893021856733267,31.3170518039044,27.893021856733267,31.3170518039044,-3.478808519181399,-3.875713591021373,-3.0811048285706777,0.001998001998001998,-4.793205723052704,-5.211331860207813,-4.385601193761771,0.001998001998001998,-4.793205723052704,-5.211331860207813,-4.385601193761771,0.001998001998001998,-4.793205723052704,-5.211331860207813,-4.385601193761771,0.001998001998001998,0.021978021978021976
L2:coinbase,K0=40,749,0.00028980522770402964,0.007725600030755198,26.665468185890525,39.49578772941298,39.49578772941298,39.49578772941298,0.01144325452189719,1.0,0.015559595547988442,24.27077161978262,29.20933488309578,37.20443640754719,41.82230707891494,37.20443640754719,41.82230707891494,37.20443640754719,41.82230707891494,3.289289602622361,2.6248935603307215,3.8862148373466767,0.001998001998001998,5.132595673026543,4.470597330736252,5.719960145041344,0.001998001998001998,5.132595673026543,4.470597330736252,5.719960145041344,0.001998001998001998,5.132595673026543,4.470597330736252,5.719960145041344,0.001998001998001998,0.021978021978021976
L2:coinbase,K0=60,749,0.00028980522770402964,0.013744005188559744,47.43842885536749,70.72612217829202,70.72612217829202,70.72612217829202,0.0204910923412981,1.0,0.008937834827939695,43.05424178831292,52.184731128844994,66.44649856113946,74.96393961093155,66.44649856113946,74.96393961093155,66.44649856113946,74.96393961093155,24.062250272099327,21.566672313729786,26.726034229854278,0.001998001998001998,36.36293012190558,33.901264622946265,38.81963791935953,0.001998001998001998,36.36293012190558,33.901264622946265,38.81963791935953,0.001998001998001998,36.36293012190558,33.901264622946265,38.81963791935953,0.001998001998001998,0.021978021978021976
L2:coinbase,cap=0.05,749,0.00028980522770402964,0.007966882909482113,27.49730426796303,40.426019894101245,40.426019894101245,40.426019894101245,0.011713107471564082,1.0,0.015497269051981875,25.065355486671688,30.232914736934248,38.11937123083787,42.81095201297944,38.11937123083787,42.81095201297944,38.11937123083787,42.81095201297944,4.121125684694867,3.721895409419182,4.558292580853439,0.001998001998001998,6.062827837714806,5.628719587482302,6.486736525855226,0.001998001998001998,6.062827837714806,5.628719587482302,6.486736525855226,0.001998001998001998,6.062827837714806,5.628719587482302,6.486736525855226,0.001998001998001998,0.021978021978021976
L2:coinbase,cap=0.15,749,0.00028980522770402964,0.00670996591550322,23.159627561171334,34.33631095682425,34.33631095682425,34.33631095682425,0.009948482535151681,1.0,0.01824762453809596,21.080862617439934,25.465886656730643,32.420861211661446,36.39830659609352,32.420861211661446,36.39830659609352,32.420861211661446,36.39830659609352,-0.21655102209683008,-0.2379813939786554,-0.19517265706519124,0.001998001998001998,-0.026881099562189092,-0.036215229214723796,-0.017985832684957438,0.001998001998001998,-0.026881099562189092,-0.036215229214723796,-0.017985832684957438,0.001998001998001998,-0.026881099562189092,-0.036215229214723796,-0.017985832684957438,0.001998001998001998,0.021978021978021976
L2:coinbase,cap=0.2,749,0.00028980522770402964,0.00670996591550322,23.159627561171334,34.33631095682425,34.33631095682425,34.33631095682425,0.009948482535151681,1.0,0.01824762453809596,21.080862617439934,25.465886656730643,32.420861211661446,36.39830659609352,32.420861211661446,36.39830659609352,32.420861211661446,36.39830659609352,-0.21655102209683008,-0.2379813939786554,-0.19517265706519124,0.001998001998001998,-0.026881099562189092,-0.036215229214723796,-0.017985832684957438,0.001998001998001998,-0.026881099562189092,-0.036215229214723796,-0.017985832684957438,0.001998001998001998,-0.026881099562189092,-0.036215229214723796,-0.017985832684957438,0.001998001998001998,0.021978021978021976
L2:coinbase,cap=None,749,0.00028980522770402964,0.00670996591550322,23.159627561171334,34.33631095682425,34.33631095682425,34.33631095682425,0.009948482535151681,1.0,0.01824762453809596,21.080862617439934,25.465886656730643,32.420861211661446,36.39830659609352,32.420861211661446,36.39830659609352,32.420861211661446,36.39830659609352,-0.21655102209683008,-0.2379813939786554,-0.19517265706519124,0.001998001998001998,-0.026881099562189092,-0.036215229214723796,-0.017985832684957438,0.001998001998001998,-0.026881099562189092,-0.036215229214723796,-0.017985832684957438,0.001998001998001998,-0.026881099562189092,-0.036215229214723796,-0.017985832684957438,0.001998001998001998,0.021978021978021976
L2:coinbase,depth=6,749,0.00028980522770402964,0.006772747217911828,23.376178583268164,34.36319205638644,34.36319205638644,34.36319205638644,0.009956275074895273,1.0,0.018233306632162875,21.305524150154415,25.663765077348806,32.45274537275195,36.42490624736506,32.45274537275195,36.42490624736506,32.45274537275195,36.42490624736506,0.0,0.0,0.0,1.0,0.0,0.0,0.0,1.0,0.0,0.0,0.0,1.0,0.0,0.0,0.0,1.0,1.0
L2:coinbase,upsampled (v1 style),749,0.00028980522770402964,1.0,3450.832691594649,3450.832691594649,3450.832691594649,3450.832691594649,1.0,1.0,0.00028980522770402964,3223.436462128824,3722.4044348990515,3223.436462128824,3722.4044348990515,3223.436462128824,3722.4044348990515,3223.436462128824,3722.4044348990515,3427.456513011381,3200.2410152264315,3699.2487103059016,0.001998001998001998,3416.4694995382624,3189.370363520057,3688.047444974136,0.001998001998001998,3416.4694995382624,3189.370363520057,3688.047444974136,0.001998001998001998,3416.4694995382624,3189.370363520057,3688.047444974136,0.001998001998001998,0.021978021978021976
L2:coinbase,sample-weighted,749,0.00028980522770402964,1.0,3450.832691594649,3450.832691594649,3450.832691594649,3450.832691594649,1.0,1.0,0.00028980522770402964,3223.436462128824,3722.4044348990515,3223.436462128824,3722.4044348990515,3223.436462128824,3722.4044348990515,3223.436462128824,3722.4044348990515,3427.456513011381,3200.2410152264315,3699.2487103059016,0.001998001998001998,3416.4694995382624,3189.370363520057,3688.047444974136,0.001998001998001998,3416.4694995382624,3189.370363520057,3688.047444974136,0.001998001998001998,3416.4694995382624,3189.370363520057,3688.047444974136,0.001998001998001998,0.021978021978021976
L2:coinbase,init=k-means++,749,0.00028980522770402964,0.006803873455676549,23.483873784653742,34.14813299749885,34.14813299749885,34.14813299749885,0.009893812455158284,1.0,0.0183498285803875,21.47599342435803,25.791405969759747,32.252511253712996,36.16473777514206,32.252511253712996,36.16473777514206,32.252511253712996,36.16473777514206,0.10769520138557809,-0.04057803826023924,0.2383773442082781,0.16983016983016982,-0.21505905888759003,-0.43289520011289234,-0.01617701705347818,0.03796203796203796,-0.21505905888759003,-0.43289520011289234,-0.01617701705347818,0.03796203796203796,-0.21505905888759003,-0.43289520011289234,-0.01617701705347818,0.03796203796203796,0.33966033966033965
L2:coinbase,init=semantic seeds,749,0.00028980522770402964,0.0069076305857101805,23.8417548817376,34.71839160965048,34.71839160965048,34.71839160965048,0.010059146935693885,1.0,0.018047208374148666,21.794512898587133,26.157221765668368,32.79808220034107,36.741764584235234,32.79808220034107,36.741764584235234,32.79808220034107,36.741764584235234,0.46557629846943627,0.3129469304835936,0.6034373051620677,0.001998001998001998,0.3551995532640433,0.1171580580070201,0.5689430141582332,0.001998001998001998,0.3551995532640433,0.1171580580070201,0.5689430141582332,0.001998001998001998,0.3551995532640433,0.1171580580070201,0.5689430141582332,0.001998001998001998,0.021978021978021976
L2:coinbase,init=seed-Ward blend,749,0.00028980522770402964,0.007176375536981253,24.768312174653552,36.496957547823044,36.496957547823044,36.496957547823044,0.010574761228699023,1.0,0.017312838149607428,22.45744977705915,27.21063424492385,34.41851924742347,38.64890840094937,34.41851924742347,38.64890840094937,34.41851924742347,38.64890840094937,1.392133591385388,1.0348168238336388,1.8404342469961275,0.001998001998001998,2.1337654914366055,1.8079514880189533,2.5131936381102107,0.001998001998001998,2.1337654914366055,1.8079514880189533,2.5131936381102107,0.001998001998001998,2.1337654914366055,1.8079514880189533,2.5131936381102107,0.001998001998001998,0.021978021978021976
L2:P2PKH,reference,89525,0.0346388333400625,0.7075669429829953,20.426977791029227,24.25938250777707,24.25938250777707,24.25938250777707,0.8403170449123847,1.0,0.023336678764331844,20.220343820528395,20.663371534949025,23.995187898346746,24.57102979126004,23.995187898346746,24.57102979126004,23.995187898346746,24.57102979126004,,,,,,,,,,,,,,,,,
L2:P2PKH,s=0.5,89525,0.0346388333400625,0.6409173004672137,18.50282431990769,25.440607287593707,25.440607287593707,25.440607287593707,0.88123367728227,1.0,0.02061934751796316,18.308672418138595,18.71865678432221,25.164926620248526,25.755313121288573,25.164926620248526,25.755313121288573,25.164926620248526,25.755313121288573,-1.9241534711215387,-2.0324336452730827,-1.818879890902129,0.001998001998001998,1.1812247798166382,1.0580180538807327,1.312128627417409,0.001998001998001998,1.1812247798166382,1.0580180538807327,1.312128627417409,0.001998001998001998,1.1812247798166382,1.0580180538807327,1.312128627417409,0.001998001998001998,0.021978021978021976
L2:P2PKH,s=1.0,89525,0.0346388333400625,0.6781868710635435,19.578806295499,27.446290783684802,27.446290783684802,25.68544299976937,0.950706669442273,1.0,0.01719712217738006,19.381839947955047,19.781542654586623,27.162987122798654,27.757653061325456,27.162987122798654,27.757653061325456,25.428262976668357,25.96841234971519,-0.8481714955302273,-0.9663221132440072,-0.7319883170394231,0.001998001998001998,3.186908275907733,3.025559403381498,3.348390564835378,0.001998001998001998,3.186908275907733,3.025559403381498,3.348390564835378,0.001998001998001998,1.4260604919923026,1.268812110283485,1.5926337380125017,0.001998001998001998,0.021978021978021976
L2:P2PKH,s=2.0,89525,0.0346388333400625,0.8004706390227074,23.109039777475097,28.855672260853552,28.855672260853552,28.855672260853552,0.9995263301489798,1.0,0.01960490703728106,22.89749774155094,23.37566565722245,28.57738513676154,29.18208365375137,28.57738513676154,29.18208365375137,28.57738513676154,29.18208365375137,2.68206198644587,2.559830165338556,2.8451704846930483,0.001998001998001998,4.5962897530764835,4.41890360281895,4.776292919024379,0.001998001998001998,4.5962897530764835,4.41890360281895,4.776292919024379,0.001998001998001998,4.5962897530764835,4.41890360281895,4.776292919024379,0.001998001998001998,0.021978021978021976
L2:P2PKH,s=3.0,89525,0.0346388333400625,0.8734868921956507,25.216997810038244,28.699767179116215,28.699767179116215,28.481835059263997,0.9941263005621036,1.0,0.016266755077081998,24.97792477405728,25.48872625569723,28.418197055170566,29.019332788924892,28.418197055170566,29.019332788924892,28.205608500196792,28.80069709560756,4.790020019009017,4.634459476665532,4.938032045512232,0.001998001998001998,4.440384671339146,4.259387006188515,4.6211902005329,0.001998001998001998,4.440384671339146,4.259387006188515,4.6211902005329,0.001998001998001998,4.222452551486928,4.038724148857862,4.39484936484065,0.001998001998001998,0.021978021978021976
L2:P2PKH,K0=10,89525,0.0346388333400625,0.5381129040400936,15.534957054300659,26.202306524238395,20.745382433002543,15.331020059566377,0.7187274029576988,1.5,0.025675550606038426,15.36978500492694,15.718429157490622,25.926088866767344,26.500128398332194,15.169188202694793,26.207174981562037,15.148035697779585,15.521541101344127,-4.892020736728568,-5.0254915723262945,-4.756181098180768,0.001998001998001998,1.9429240164613262,1.7694989121488418,2.1277829174750966,0.001998001998001998,-3.5140000747745255,-9.120213085082382,1.94985079720413,0.11788211788211789,-8.928362448210692,-9.149096577714948,-8.735102216214795,0.001998001998001998,0.021978021978021976
L2:P2PKH,K0=20,89525,0.0346388333400625,0.6194218255560251,17.882268648534247,23.804010121914125,23.804010121914125,23.804010121914125,0.8245436457541805,1.0,0.02442315258589659,17.68250623680852,18.085921158919213,23.54123996040064,24.106460528420268,23.54123996040064,24.106460528420268,23.54123996040064,24.106460528420268,-2.5447091424949804,-2.6181156555344414,-2.4720502618877553,0.001998001998001998,-0.45537238586294393,-0.5219033284069852,-0.3834691156183429,0.001998001998001998,-0.45537238586294393,-0.5219033284069852,-0.3834691156183429,0.001998001998001998,-0.45537238586294393,-0.5219033284069852,-0.3834691156183429,0.001998001998001998,0.021978021978021976
L2:P2PKH,K0=40,89525,0.0346388333400625,0.8540075700527869,24.654643676644802,28.85118952838473,28.85118952838473,28.85118952838473,0.9993710822885034,1.0,0.01845798953403638,24.418632866789633,24.908403332851474,28.572945916698217,29.17756271821415,28.572945916698217,29.17756271821415,28.572945916698217,29.17756271821415,4.2276658856155755,4.091523004511365,4.362016600818221,0.001998001998001998,4.591807020607661,4.41545921572935,4.772985369871931,0.001998001998001998,4.591807020607661,4.41545921572935,4.772985369871931,0.001998001998001998,4.591807020607661,4.41545921572935,4.772985369871931,0.001998001998001998,0.021978021978021976
L2:P2PKH,K0=60,89525,0.0346388333400625,0.909976516748485,26.270416610733147,28.863611256590033,28.84918078564926,28.38121417346381,0.9993015210393341,2.0,0.017178513008486787,26.02277664136539,26.555402257286246,28.584377914490943,29.190088323176216,28.5708399545879,29.176057094753816,28.127541648504582,28.824606701534474,5.84343881970392,5.694050893548009,5.995935405170274,0.001998001998001998,4.6042287488129645,4.42397883278367,4.7816314376430515,0.001998001998001998,4.589798277872191,4.410252411958313,4.77038752790546,0.001998001998001998,4.1218316656867415,3.964859329952835,4.492458260041501,0.001998001998001998,0.021978021978021976
L2:P2PKH,cap=0.05,89525,0.0346388333400625,0.8056582129982353,23.25881457414696,28.86375625997004,27.134361625647323,27.134361625647323,0.9399023621244155,2.0,0.02143308016328823,23.03197985174875,23.499648570314616,28.586313952948668,29.190227011459584,26.859982370286694,27.450858001515897,26.859982370286694,27.450858001515897,2.8318367831177333,2.717696444107566,2.951739933789727,0.001998001998001998,4.60437375219297,4.427233582363918,4.786557230162726,0.001998001998001998,2.8749791178702537,2.725847860582651,3.0366320514689438,0.001998001998001998,2.8749791178702537,2.725847860582651,3.0366320514689438,0.001998001998001998,0.021978021978021976
L2:P2PKH,cap=0.15,89525,0.0346388333400625,0.7039058696250614,20.321281529730346,24.092913185021416,24.092913185021416,24.092913185021416,0.8345509598695282,1.0,0.02353128156063402,20.119470462579535,20.55409696579747,23.825390820428876,24.384546555329557,23.825390820428876,24.384546555329557,23.825390820428876,24.384546555329557,-0.10569626129888121,-0.1329526755972032,-0.08247746243648706,0.001998001998001998,-0.16646932275565263,-0.20412735298463555,-0.13717380534689144,0.001998001998001998,-0.16646932275565263,-0.20412735298463555,-0.13717380534689144,0.001998001998001998,-0.16646932275565263,-0.20412735298463555,-0.13717380534689144,0.001998001998001998,0.021978021978021976
L2:P2PKH,cap=0.2,89525,0.0346388333400625,0.7039058696250614,20.321281529730346,24.092913185021416,24.092913185021416,24.092913185021416,0.8345509598695282,1.0,0.02353128156063402,20.119470462579535,20.55409696579747,23.825390820428876,24.384546555329557,23.825390820428876,24.384546555329557,23.825390820428876,24.384546555329557,-0.10569626129888121,-0.1329526755972032,-0.08247746243648706,0.001998001998001998,-0.16646932275565263,-0.20412735298463555,-0.13717380534689144,0.001998001998001998,-0.16646932275565263,-0.20412735298463555,-0.13717380534689144,0.001998001998001998,-0.16646932275565263,-0.20412735298463555,-0.13717380534689144,0.001998001998001998,0.021978021978021976
L2:P2PKH,cap=None,89525,0.0346388333400625,0.7039058696250614,20.321281529730346,24.092913185021416,24.092913185021416,24.092913185021416,0.8345509598695282,1.0,0.02353128156063402,20.119470462579535,20.55409696579747,23.825390820428876,24.384546555329557,23.825390820428876,24.384546555329557,23.825390820428876,24.384546555329557,-0.10569626129888121,-0.1329526755972032,-0.08247746243648706,0.001998001998001998,-0.16646932275565263,-0.20412735298463555,-0.13717380534689144,0.001998001998001998,-0.16646932275565263,-0.20412735298463555,-0.13717380534689144,0.001998001998001998,-0.16646932275565263,-0.20412735298463555,-0.13717380534689144,0.001998001998001998,0.021978021978021976
L2:P2PKH,depth=6,89525,0.0346388333400625,0.7075669429829953,20.426977791029227,24.25938250777707,24.25938250777707,24.25938250777707,0.8403170449123847,1.0,0.023336678764331844,20.220343820528395,20.663371534949025,23.995187898346746,24.57102979126004,23.995187898346746,24.57102979126004,23.995187898346746,24.57102979126004,0.0,0.0,0.0,1.0,0.0,0.0,0.0,1.0,0.0,0.0,0.0,1.0,0.0,0.0,0.0,1.0,1.0
L2:P2PKH,upsampled (v1 style),89525,0.0346388333400625,0.09726454984327262,2.807978364867883,4.550144472105183,3.4033996000011575,2.5779066954974352,0.11788919123046451,4.0,0.09104831373678318,2.768932677370953,2.8464211902498855,4.39176138766105,4.645986947358495,3.355068699255179,3.45137653233893,2.350526814306242,2.603023688189094,-17.618999426161345,-17.844389259441606,-17.422455224908312,0.001998001998001998,-19.709238035671888,-19.999883278875256,-19.464753166041753,0.001998001998001998,-20.85598290777591,-21.139156519194625,-20.604344842512102,0.001998001998001998,-21.681475812279633,-22.05069454552149,-21.449648908078018,0.001998001998001998,0.021978021978021976
L2:P2PKH,sample-weighted,89525,0.0346388333400625,0.09822581929993018,2.8357240867123736,4.604159201645042,3.3328634002940234,2.6026001641776073,0.11544606985607236,4.0,0.11200806907824766,2.795061374004569,2.8775996020712595,4.503199375362787,4.7098094428360655,3.292087807601247,3.430659973827768,2.0392456316798064,2.6299858910679696,-17.591253704316852,-17.81707971540863,-17.39184498950299,0.001998001998001998,-19.655223306132026,-19.939007780904394,-19.387562631911475,0.001998001998001998,-20.926519107483045,-21.20857868175725,-20.650953817670775,0.001998001998001998,-21.65678234359946,-22.18014692935108,-21.436664852256794,0.001998001998001998,0.021978021978021976
L2:P2PKH,init=k-means++,89525,0.0346388333400625,0.7425906638747003,21.438087600968018,28.332943429815224,28.332943429815224,28.332943429815224,0.9814206209199352,1.0,0.018492775131959613,21.226379682247572,21.679234861363998,28.019030056658956,28.66505216857862,28.019030056658956,28.66505216857862,28.019030056658956,28.66505216857862,1.011109809938791,0.898567449335235,1.1342744621788055,0.001998001998001998,4.073560922038155,3.914059176762153,4.237973442895368,0.001998001998001998,4.073560922038155,3.914059176762153,4.237973442895368,0.001998001998001998,4.073560922038155,3.914059176762153,4.237973442895368,0.001998001998001998,0.021978021978021976
L2:P2PKH,init=semantic seeds,89525,0.0346388333400625,0.6916199965154319,19.966582607384037,28.863791171459596,25.31557913409484,25.31557913409484,0.8769014440023948,2.0,0.021464503032230527,19.76964215941886,20.184656585517263,28.58633766293302,29.19026826495434,25.042633753802864,25.622936508310605,25.042633753802864,25.622936508310605,-0.46039518364518983,-0.584748884108528,-0.3475401825913794,0.001998001998001998,4.604408663682527,4.42727993522452,4.786571458115464,0.001998001998001998,1.056196626317771,0.8956298799808289,1.2097151627203175,0.001998001998001998,1.056196626317771,0.8956298799808289,1.2097151627203175,0.001998001998001998,0.021978021978021976
L2:P2PKH,init=seed-Ward blend,89525,0.0346388333400625,0.7730144063545972,22.31641667573984,28.85447718311258,28.85447718311258,28.85447718311258,0.9994849033673043,1.0,0.018024667550103735,22.106288134956948,22.552925792468972,28.576149818349837,29.181531819921553,28.576149818349837,29.181531819921553,28.576149818349837,29.181531819921553,1.8894388847106143,1.755861784991815,2.0257776032300447,0.001998001998001998,4.59509467533551,4.418122173698758,4.774662193042498,0.001998001998001998,4.59509467533551,4.418122173698758,4.774662193042498,0.001998001998001998,4.59509467533551,4.418122173698758,4.774662193042498,0.001998001998001998,0.021978021978021976
L2:P2SH,reference,112449,0.04350862564592215,0.11711931589810307,2.691878179476262,3.588396741753168,2.7824886811900624,2.5949882570741503,0.12106101018614572,8.5,0.14392962292516548,2.6577433188694912,2.7156214778219563,3.5277305704210753,3.648088622097521,2.753673397197055,2.8895438465337002,2.5272726827772996,2.671426182799978,,,,,,,,,,,,,,,,,
L2:P2SH,s=0.5,112449,0.04350862564592215,0.11270916575433054,2.590528011484446,3.8010942892071435,3.3435346174148313,2.2796996724182206,0.14546772959154475,8.0,0.08211093183713139,2.5575888550812973,2.6196188821247675,3.734215181572532,3.8754614909843217,3.262309609321116,3.4287348714628214,2.2581841256020234,2.3197098323608834,-0.10135016799181606,-0.12254964626977727,-0.0787526592119673,0.001998001998001998,0.2126975474539754,0.16169664195144812,0.2665118176202364,0.001998001998001998,0.5610459362247688,0.4251291490214056,0.6326988647705133,0.001998001998001998,-0.3152885846559297,-0.3791338091673443,-0.244400752502357,0.001998001998001998,0.021978021978021976
L2:P2SH,s=1.0,112449,0.04350862564592215,0.11255632277395025,2.587009893853215,3.5476561150619186,3.238284537537663,2.6032704285836026,0.1408929375410766,6.5,0.07919285273610616,2.553396635947511,2.614312538839729,3.4688970789142717,3.610018260907257,3.192674946161921,3.2830831339055413,2.570340424839409,2.629742763522319,-0.10486828562304673,-0.13149506887116433,-0.07645408116512228,0.001998001998001998,-0.04074062669124956,-0.12923537132890137,0.03610346891193405,0.2597402597402597,0.45579585634760056,0.35363082074357294,0.4916994954322763,0.001998001998001998,0.008282171509452319,-0.0634383464703125,0.07371716171696081,0.7812187812187812,0.021978021978021976
L2:P2SH,s=2.0,112449,0.04350862564592215,0.28276673739733005,6.4991160592777035,10.514368948570102,10.514368948570102,5.759362147257063,0.4574623498446113,1.0,0.0282890781369739,6.414966972450344,6.574203516484798,10.375464242799008,10.64689985191289,10.375464242799008,10.64689985191289,5.52854870596831,5.985258094611786,3.8072378798014417,3.73196526230646,3.8844786536925144,0.001998001998001998,6.925972206816933,6.794545733295246,7.071052194910371,0.001998001998001998,7.731880267380039,7.544440041285015,7.8494111876781485,0.001998001998001998,3.1643738901829126,2.9105827203434895,3.402612180356038,0.001998001998001998,0.021978021978021976
L2:P2SH,s=3.0,112449,0.04350862564592215,0.36732933653443256,8.442711631150349,12.555881604066952,12.555881604066952,8.978834719803135,0.5462857139922261,1.0,0.030234452440458442,8.345545927086226,8.532340442921472,12.419211591570724,12.694641401723008,12.419211591570724,12.694641401723008,8.885605437884912,9.070138643810175,5.750833451674087,5.668244006823115,5.842326391675958,0.001998001998001998,8.967484862313784,8.824791911316659,9.11458786425739,0.001998001998001998,9.77339292287689,9.597600529380117,9.89023279737443,0.001998001998001998,6.383846462728985,6.271261989790844,6.490503575436479,0.001998001998001998,0.021978021978021976
L2:P2SH,K0=10,112449,0.04350862564592215,0.1297794175374077,2.982862723335609,4.617006027231041,3.615628510041674,2.6127564420279272,0.1573073122214107,3.0,0.08273618039332992,2.9483425667183636,3.0231559566077104,4.519465540466539,4.710326917138547,3.5567223629890656,3.686663710630994,2.58726073381478,2.638719507083589,0.29098454385934724,0.25896521924010446,0.3323190206281175,0.001998001998001998,1.0286092854778732,0.9165727586704575,1.1428930364202254,0.001998001998001998,0.8331398288516114,0.7175768801540561,0.891345326322304,0.001998001998001998,0.017768184953776966,-0.05746654757913263,0.08705431715368966,0.5994005994005994,0.021978021978021976
L2:P2SH,K0=20,112449,0.04350862564592215,0.11067693413029843,2.543831357240741,3.1687549603555203,2.873099624192819,2.5700600669044373,0.12498378381917943,5.5,0.12868422214930056,2.5133009407974343,2.569567538186541,3.1058836619838073,3.2208435769581656,2.6111859039578573,3.1364256432582076,2.5353388904123837,2.5951438801343722,-0.1480468222355209,-0.16929716457892438,-0.12455900757095996,0.001998001998001998,-0.41964178139764785,-0.48052466135635297,-0.3665635257762183,0.001998001998001998,0.09061094300275663,-0.1818514815317326,0.33900646078567725,0.35364635364635366,-0.024928190169712927,-0.09694069070615206,0.03654729115428102,0.25774225774225773,0.021978021978021976
L2:P2SH,K0=40,112449,0.04350862564592215,0.2767351274349849,6.360539434099232,10.954092331925718,10.954092331925718,5.241488488073452,0.4765918102639556,1.0,0.02445799443719401,6.281193462193202,6.43616381839498,10.81275989886424,11.094002515088684,10.81275989886424,11.094002515088684,5.087284792538197,5.320830505329227,3.6686612546229704,3.601195574955357,3.744111230453946,0.001998001998001998,7.36569559017255,7.217674318754104,7.512241746693231,0.001998001998001998,8.171603650735655,7.9856280735691545,8.294869632921365,0.001998001998001998,2.646500230999302,2.4925699329729074,2.739313352711635,0.001998001998001998,0.021978021978021976
L2:P2SH,K0=60,112449,0.04350862564592215,0.3191520530935998,7.335436816748061,11.350467758288186,11.010523596045173,6.76956208451226,0.479049221262389,2.0,0.031549828655000764,7.2442885096426535,7.419236985326883,11.160196261753539,11.543044441830226,10.878717238775282,11.138439251122378,6.300711635241591,7.14191241888842,4.6435586372717985,4.561289354771315,4.726995586484727,0.001998001998001998,7.7620710165350175,7.573289477557765,7.95801025263434,0.001998001998001998,8.228034914855112,8.041104380745896,8.340819465359735,0.001998001998001998,4.17457382743811,3.690759946998354,4.554039478679773,0.001998001998001998,0.021978021978021976
L2:P2SH,cap=0.05,112449,0.04350862564592215,0.24746822658912185,5.687846685076817,11.54588757197887,9.116434154509491,4.020916989184742,0.39664174441521294,2.0,0.027467719803047415,5.614205564825993,5.76333567796739,11.394425966618956,11.70765007596185,8.279194546390503,9.21013125946543,3.8724434861774726,4.2677393608558445,2.995968505600555,2.9275883225251063,3.072487104050876,0.001998001998001998,7.9574908302257015,7.809343699042268,8.139577991950324,0.001998001998001998,6.333945473319429,5.480395671906424,6.415771262716264,0.001998001998001998,1.4259287321105916,1.2512464861875505,1.691352622213072,0.001998001998001998,0.021978021978021976
L2:P2SH,cap=0.15,112449,0.04350862564592215,0.11551260465835395,2.654951906922949,3.588396741753168,2.7378423885820125,2.6688104008017834,0.11911855586067702,8.5,0.15725930877650268,2.622826500426123,2.679767764986086,3.5277305704210753,3.648088622097521,2.7122018186077175,2.8709584852605463,2.6176321856212383,2.689804600212821,-0.036926272553313044,-0.04150723338286466,-0.02825612106639803,0.001998001998001998,0.0,0.0,0.0,1.0,-0.044646292608049976,-0.07194410936777147,0.0682346383466491,0.17782217782217782,0.07382214372763318,-0.009474767520725902,0.11826126803574391,0.15384615384615385,0.021978021978021976
L2:P2SH,cap=0.2,112449,0.04350862564592215,0.11551260465835395,2.654951906922949,3.588396741753168,2.7378423885820125,2.6688104008017834,0.11911855586067702,8.5,0.15725930877650268,2.622826500426123,2.679767764986086,3.5277305704210753,3.648088622097521,2.7122018186077175,2.8709584852605463,2.6176321856212383,2.689804600212821,-0.036926272553313044,-0.04150723338286466,-0.02825612106639803,0.001998001998001998,0.0,0.0,0.0,1.0,-0.044646292608049976,-0.07194410936777147,0.0682346383466491,0.17782217782217782,0.07382214372763318,-0.009474767520725902,0.11826126803574391,0.15384615384615385,0.021978021978021976
L2:P2SH,cap=None,112449,0.04350862564592215,0.11551260465835395,2.654951906922949,3.588396741753168,2.7378423885820125,2.6688104008017834,0.11911855586067702,8.5,0.15725930877650268,2.622826500426123,2.679767764986086,3.5277305704210753,3.648088622097521,2.7122018186077175,2.8709584852605463,2.6176321856212383,2.689804600212821,-0.036926272553313044,-0.04150723338286466,-0.02825612106639803,0.001998001998001998,0.0,0.0,0.0,1.0,-0.044646292608049976,-0.07194410936777147,0.0682346383466491,0.17782217782217782,0.07382214372763318,-0.009474767520725902,0.11826126803574391,0.15384615384615385,0.021978021978021976
L2:P2SH,depth=6,112449,0.04350862564592215,0.11711931589810307,2.691878179476262,3.588396741753168,2.7824886811900624,2.5949882570741503,0.12106101018614572,8.5,0.14392962292516548,2.6577433188694912,2.7156214778219563,3.5277305704210753,3.648088622097521,2.753673397197055,2.8895438465337002,2.5272726827772996,2.671426182799978,0.0,0.0,0.0,1.0,0.0,0.0,0.0,1.0,0.0,0.0,0.0,1.0,0.0,0.0,0.0,1.0,1.0
L2:P2SH,upsampled (v1 style),112449,0.04350862564592215,0.0908247028312897,2.0875040929621207,2.824060199966321,2.5385693834580207,2.22827380409998,0.11044926615773298,6.0,0.11081477887484859,2.064669604466678,2.1061621135280957,2.7680147548244745,2.8746168140636734,2.506870521377493,2.5819893785627044,2.2075458588111814,2.248994272689375,-0.6043740865141412,-0.6272520477807426,-0.5750494750341995,0.001998001998001998,-0.7643365417868471,-0.841448278392122,-0.6939409941787535,0.001998001998001998,-0.24391929773204168,-0.3538623167389252,-0.20599011910876355,0.001998001998001998,-0.36671445297417016,-0.4357584379943006,-0.30054161355202896,0.001998001998001998,0.021978021978021976
L2:P2SH,sample-weighted,112449,0.04350862564592215,0.0903906953491044,2.077533398492921,2.9185889865170713,2.5277547027836134,1.8325522542716248,0.10997912741037161,6.0,0.1262719479240203,2.0575022040320414,2.099679954450168,2.870516224104754,2.9874106328323093,2.500342731279235,2.5614440816424646,1.8183845668759155,2.0658540983189435,-0.6143447809833407,-0.6350345507874694,-0.5832474435849758,0.001998001998001998,-0.6698077552360968,-0.7354871788494612,-0.5895463785128152,0.001998001998001998,-0.25473397840644907,-0.3638484186574365,-0.2247109537287269,0.001998001998001998,-0.7624360028025254,-0.833754279434729,-0.5239913842590757,0.001998001998001998,0.021978021978021976
L2:P2SH,init=k-means++,112449,0.04350862564592215,0.1344421265126492,3.0900137918463297,4.338206420502228,3.888629488402417,2.8528034318068904,0.16918566134245705,6.0,0.06702108606951167,3.051211493282653,3.126187259919331,4.245895033436965,4.4552598551991895,3.734930327749224,3.9784175509816992,2.8287169616112404,2.91538639586271,0.3981356123700679,0.3599115926681078,0.4408321389964059,0.001998001998001998,0.74980967874906,0.6420342670392548,0.886365579689625,0.001998001998001998,1.1061408072123546,0.9209846634453099,1.181646247725648,0.001998001998001998,0.2578151747327402,0.19369673365493792,0.3496191545386715,0.001998001998001998,0.021978021978021976
L2:P2SH,init=semantic seeds,112449,0.04350862564592215,0.2072416892015045,4.763262411100153,8.66546610122927,5.767092322163098,3.7851155559805045,0.25091723443532,3.0,0.05526128771319861,4.7016065597974634,4.825796181121882,8.54378705799117,8.797207961814951,5.697793502951784,6.208846105953104,3.6195527449747726,3.821822710819345,2.0713842316238913,2.016758365981366,2.137472440721097,0.001998001998001998,5.077069359476102,4.949898579706295,5.2191601189056165,0.001998001998001998,2.9846036409730354,2.8691247215031437,3.404069420906523,0.001998001998001998,1.1901272989063543,1.0060133662426962,1.249608685815357,0.001998001998001998,0.021978021978021976
L2:P2SH,init=seed-Ward blend,112449,0.04350862564592215,0.2837624466137011,6.522083767017374,11.451184209501971,11.451184209501971,5.55574527813414,0.4982160528973098,1.0,0.023715893511565035,6.439950870580525,6.603881320459523,11.303642032895494,11.60194337580306,11.303642032895494,11.60194337580306,5.444392216566281,5.718044598291975,3.8302055875411125,3.7546284921544997,3.911923300827456,0.001998001998001998,7.862787467748802,7.709724249836587,8.013625646840266,0.001998001998001998,8.668695528311908,8.470922957395354,8.79465126506678,0.001998001998001998,2.9607570210599894,2.84401507100276,3.1494083609027133,0.001998001998001998,0.021978021978021976
L2:P2WPKH,reference,1221160,0.47248690449713404,0.7674631382808615,1.6243099430867214,1.760732381431359,1.7459443471691072,1.71464135009224,0.8249319347283989,2.0,0.2796212993657312,1.6165112627404932,1.6317451216130765,1.7444960430002738,1.7729494381051756,1.7359643250766708,1.7553941745408097,1.7056979075194079,1.7243371883905465,,,,,,,,,,,,,,,,,
L2:P2WPKH,s=0.5,1221160,0.47248690449713404,0.6897603697699017,1.4598526601499395,1.7391629932012658,1.5770179636001185,1.5630426099737431,0.7451207040147956,4.0,0.3112798418521118,1.4534111391165203,1.4656020186693928,1.728976910147224,1.7507466840721564,1.5676805068455897,1.586235885632742,1.499991226503482,1.5711659571736787,-0.16445728293678186,-0.17084889996047892,-0.1580995375986059,0.001998001998001998,-0.021569388230093134,-0.031720451161145344,-0.004540159337956033,0.023976023976023976,-0.1689263835689887,-0.17634369618102816,-0.16111520567177742,0.001998001998001998,-0.15159874011849683,-0.21798248070206858,-0.14363770204871687,0.001998001998001998,0.021978021978021976
L2:P2WPKH,s=1.0,1221160,0.47248690449713404,0.7033234347835722,1.4885557826640163,1.58722685024251,1.58722685024251,1.5344015806973372,0.7499441102824562,2.0,0.24813267764841918,1.4815715860742886,1.4951368240391183,1.576632457432787,1.5973735135900444,1.576632457432787,1.5973735135900444,1.5263929681838124,1.5418656345379815,-0.13575416042270505,-0.14176221689615762,-0.12978712772458867,0.001998001998001998,-0.17350553118884893,-0.18743415594418775,-0.1530664303669452,0.001998001998001998,-0.1587174969265972,-0.16722912611985005,-0.1493468539680177,0.001998001998001998,-0.18023976939490272,-0.18685517678297753,-0.17404778126764156,0.001998001998001998,0.021978021978021976
L2:P2WPKH,s=2.0,1221160,0.47248690449713404,0.7917742977573208,1.675764413244739,1.8299670383504683,1.8097993427437533,1.7923898561759781,0.8551012863755972,2.0,0.26796046694964204,1.6681574064162181,1.682849899432483,1.817804769150452,1.841971896986676,1.799687054791662,1.81985013438243,1.7830150490191923,1.8019109061263845,0.05145447015801752,0.049510946176255635,0.05395280607129849,0.001998001998001998,0.06923465691910935,0.06696507855365694,0.0796501871280601,0.001998001998001998,0.06385499557464613,0.060999980703434736,0.06757205831769873,0.001998001998001998,0.07774850608373818,0.0751316208003048,0.08012541679059612,0.001998001998001998,0.021978021978021976
L2:P2WPKH,s=3.0,1221160,0.47248690449713404,0.845784921025902,1.7900680513311513,2.019299364261107,2.019299364261107,1.9074235585435617,0.9540922267972195,1.0,0.1710659582058197,1.7826480036792192,1.79780247248374,2.0080495597775014,2.0307757756092846,2.0080495597775014,2.0307757756092846,1.8976316311593084,1.9171461470318296,0.16575810824442994,0.16049865749728298,0.17160079990664737,0.001998001998001998,0.2585669828297479,0.24997598563269005,0.2747795738577412,0.001998001998001998,0.2733550170919996,0.26571658455639074,0.28168066674757314,0.001998001998001998,0.19278220845132177,0.18643426942200103,0.19872937284941336,0.001998001998001998,0.021978021978021976
L2:P2WPKH,K0=10,1221160,0.47248690449713404,0.7318435683186383,1.5489192736398918,1.6556157358382557,1.6556157358382557,1.6481673277137072,0.7822559175398516,1.0,0.21496140819721915,1.5403906708323636,1.5558303057942362,1.6386838656855045,1.6663106694522214,1.643883520259685,1.6659761860622493,1.6395514011244468,1.6565847462608498,-0.0753906694468296,-0.08051515051889906,-0.07054651291800605,0.001998001998001998,-0.10511664559310319,-0.1210810506868064,-0.08813645917693734,0.001998001998001998,-0.09032861133085146,-0.097921186965913,-0.0829956060961704,0.001998001998001998,-0.06647402237853273,-0.07068408436026716,-0.06238620586658291,0.001998001998001998,0.021978021978021976
L2:P2WPKH,K0=20,1221160,0.47248690449713404,0.6975100040757856,1.4762524646700474,1.5653189258287465,1.54967080844071,1.54967080844071,0.7321992348472335,2.0,0.3477494618544972,1.468786835132021,1.4827036252011345,1.5430625634101731,1.5780268942568374,1.5403207026650523,1.557714784987129,1.5411867949702684,1.55811566856671,-0.14805747841667394,-0.1534548542271715,-0.1433769630536752,0.001998001998001998,-0.19541345560261236,-0.21515819319312457,-0.18445258606987425,0.001998001998001998,-0.19627353872839715,-0.2038776172964426,-0.1892726374726555,0.001998001998001998,-0.1649705416515299,-0.17181316749816988,-0.1585163799194979,0.001998001998001998,0.021978021978021976
L2:P2WPKH,K0=40,1221160,0.47248690449713404,0.8411253677989811,1.7802058706654724,1.9624862579293438,1.9624862579293438,1.8586907520343185,0.9272503143806934,1.0,0.14394759074032143,1.7726721286750222,1.7879346678135206,1.9520070498460993,1.973723817351918,1.9520070498460993,1.973723817351918,1.8499641843618757,1.8828953273897728,0.15589592757875104,0.15118179914851315,0.16085455787140834,0.001998001998001998,0.20175387649798493,0.19263052017053606,0.21884738986812735,0.001998001998001998,0.21654191076023666,0.20923267774059778,0.22447187704289698,0.001998001998001998,0.1440494019420786,0.13889370793461156,0.1680890132114695,0.001998001998001998,0.021978021978021976
L2:P2WPKH,K0=60,1221160,0.47248690449713404,0.8579484458764263,1.815812634320161,2.008244581832276,1.984213517127114,1.9189197300160312,0.9375336933759236,1.5,0.17421261076369618,1.807627020083342,1.823640875513704,1.9971656419104882,2.0198291755906257,1.9531558256796842,2.0039571452706366,1.9089467922314176,1.9287110208667688,0.19150269123343966,0.1867066422987153,0.19665642291217364,0.001998001998001998,0.24751220040091715,0.2383685628551444,0.2647061527066438,0.001998001998001998,0.23826916995800684,0.20837356294003678,0.2618297071505627,0.001998001998001998,0.20427837992379128,0.19820785560209397,0.2100165402193962,0.001998001998001998,0.021978021978021976
L2:P2WPKH,cap=0.05,1221160,0.47248690449713404,0.8422675161953954,1.7826233918380074,1.9698876300645405,1.9698876300645405,1.889591934725916,0.9307470291236255,2.0,0.16499484867241127,1.774769275145113,1.7904250695525867,1.9591503763978486,1.9816119877266725,1.9591503763978486,1.9816119877266725,1.882960928384342,1.9204427995394886,0.15831344875128606,0.15349176994929206,0.16320720769906807,0.001998001998001998,0.20915524863318158,0.20003432065621563,0.22605043227789,0.001998001998001998,0.2239432828954333,0.21628809467722812,0.23164365426043063,0.001998001998001998,0.17495058463367608,0.17046662178647656,0.21061665038185604,0.001998001998001998,0.021978021978021976
L2:P2WPKH,cap=0.15,1221160,0.47248690449713404,0.763961082414383,1.6168972974114724,1.7634802136327552,1.7634802136327552,1.7176019710450487,0.8332178463628721,1.0,0.20612756799826912,1.6085925720139767,1.6244151004975074,1.7514423353737119,1.7744549304118007,1.7514423353737119,1.7744549304118007,1.7082623383243676,1.7268597531324676,-0.007412645675249019,-0.010789243007083298,-0.0022180247934443903,0.001998001998001998,0.002747832201396294,-0.009832911339833052,0.024934063906130524,0.6693306693306693,0.01753586646364802,0.01374891019660271,0.02438840404127006,0.001998001998001998,0.0029606209528088012,0.0019698501958641318,0.003863146168841746,0.013986013986013986,0.021978021978021976
L2:P2WPKH,cap=0.2,1221160,0.47248690449713404,0.763961082414383,1.6168972974114724,1.7634802136327552,1.7634802136327552,1.7176019710450487,0.8332178463628721,1.0,0.20612756799826912,1.6085925720139767,1.6244151004975074,1.7514423353737119,1.7744549304118007,1.7514423353737119,1.7744549304118007,1.7082623383243676,1.7268597531324676,-0.007412645675249019,-0.010789243007083298,-0.0022180247934443903,0.001998001998001998,0.002747832201396294,-0.009832911339833052,0.024934063906130524,0.6693306693306693,0.01753586646364802,0.01374891019660271,0.02438840404127006,0.001998001998001998,0.0029606209528088012,0.0019698501958641318,0.003863146168841746,0.013986013986013986,0.021978021978021976
L2:P2WPKH,cap=None,1221160,0.47248690449713404,0.763961082414383,1.6168972974114724,1.7634802136327552,1.7634802136327552,1.7176019710450487,0.8332178463628721,1.0,0.20612756799826912,1.6085925720139767,1.6244151004975074,1.7514423353737119,1.7744549304118007,1.7514423353737119,1.7744549304118007,1.7082623383243676,1.7268597531324676,-0.007412645675249019,-0.010789243007083298,-0.0022180247934443903,0.001998001998001998,0.002747832201396294,-0.009832911339833052,0.024934063906130524,0.6693306693306693,0.01753586646364802,0.01374891019660271,0.02438840404127006,0.001998001998001998,0.0029606209528088012,0.0019698501958641318,0.003863146168841746,0.013986013986013986,0.021978021978021976
L2:P2WPKH,depth=6,1221160,0.47248690449713404,0.7674631382808615,1.6243099430867214,1.760732381431359,1.7459443471691072,1.71464135009224,0.8249319347283989,2.0,0.2796212993657312,1.6165112627404932,1.6317451216130765,1.7444960430002738,1.7729494381051756,1.7359643250766708,1.7553941745408097,1.7056979075194079,1.7243371883905465,0.0,0.0,0.0,1.0,0.0,0.0,0.0,1.0,0.0,0.0,0.0,1.0,0.0,0.0,0.0,1.0,1.0
L2:P2WPKH,upsampled (v1 style),1221160,0.47248690449713404,0.6251129643238629,1.3230300862581152,1.4739142298378134,1.4607934485537846,1.3186453961304747,0.6902025045078566,2.0,0.17462024545631066,1.3164927094228611,1.3293177919376395,1.4597096078464666,1.4874837875963316,1.4478306678989066,1.4709557844264098,1.3131294764960912,1.3240993691592724,-0.30127985682860614,-0.30858173054365123,-0.2934478323376424,0.001998001998001998,-0.2868181515935455,-0.3044818998819323,-0.26213267365639076,0.001998001998001998,-0.2851508986153226,-0.2973036110623729,-0.27427973405386163,0.001998001998001998,-0.39599595396176523,-0.4039514693139203,-0.38793532201412434,0.001998001998001998,0.021978021978021976
L2:P2WPKH,sample-weighted,1221160,0.47248690449713404,0.6248754742538589,1.3225270031104261,1.4740666947374774,1.4671932589916787,1.3120526814720663,0.6932266647648215,2.0,0.17242217814858912,1.3161116614620498,1.3288635958337904,1.4603369820281897,1.4874811638561696,1.4514224248453154,1.4775681473605964,1.3043477027615384,1.3174687470465984,-0.30178293997629524,-0.3090385966233259,-0.29405717770205425,0.001998001998001998,-0.2866656866938815,-0.3047723753068357,-0.26222670993804437,0.001998001998001998,-0.27875108817742844,-0.2950596600653359,-0.2677267136842168,0.001998001998001998,-0.4025886686201736,-0.4127942424321101,-0.394450647542912,0.001998001998001998,0.021978021978021976
L2:P2WPKH,init=k-means++,1221160,0.47248690449713404,0.8202671216076407,1.7360587170881632,1.9520269742888323,1.9520269742888323,1.827683289119749,0.9223093732672043,1.0,0.15874547734309064,1.7290524762160917,1.7436802462155152,1.941694874501156,1.9633081743790652,1.941694874501156,1.9633081743790652,1.8190724351405705,1.8370095734848797,0.11174877400144179,0.10690607040580191,0.11680449608616912,0.001998001998001998,0.1912945928574734,0.1821429638303542,0.2084596547685059,0.001998001998001998,0.20608262711972514,0.19901428680787928,0.21361131797514174,0.001998001998001998,0.11304193902750903,0.10742026921303556,0.11846806646161748,0.001998001998001998,0.021978021978021976
L2:P2WPKH,init=semantic seeds,1221160,0.47248690449713404,0.8404327037650017,1.7787404766105466,1.9734060527862893,1.9734060527862893,1.8899458057935752,0.9324090334516797,1.0,0.15885958828571017,1.7710062260226807,1.786528287311804,1.9628490436085775,1.9851222315302732,1.9628490436085775,1.9851222315302732,1.8802617463517781,1.8995903471441866,0.1544305335238252,0.14974017124519637,0.15931620191172477,0.001998001998001998,0.21267367135493043,0.20379319485522293,0.2296476064153412,0.001998001998001998,0.22746170561718215,0.22006317249897359,0.23511059392490627,0.001998001998001998,0.17530445570133524,0.1697001717880896,0.18098856862419727,0.001998001998001998,0.021978021978021976
L2:P2WPKH,init=seed-Ward blend,1221160,0.47248690449713404,0.8381888572613332,1.7739906647931303,1.9526341074094558,1.9526341074094558,1.8936725002800556,0.922594850594694,1.0,0.1965054965558755,1.7662567458612757,1.781513593837531,1.941974945464324,1.9637088452131586,1.941974945464324,1.9637088452131586,1.883874474183484,1.9035727636951791,0.1496807217064089,0.14517094954347082,0.15432792680946625,0.001998001998001998,0.19190172597809685,0.18357755881171045,0.2084333270056279,0.001998001998001998,0.20668976024034857,0.19962843678013412,0.21464796864158447,0.001998001998001998,0.17903115018781568,0.173285114004178,0.18448490492466674,0.001998001998001998,0.021978021978021976
L2:P2WSH,reference,36881,0.014270074657317666,0.10066373088001224,7.054578338915038,9.256253590162537,7.808522832449574,7.808522832449574,0.11142655199396116,2.0,0.06837782808060076,6.946681796743719,7.1669358793903015,9.008194677253165,9.509279035026156,7.705852165533517,7.919098387680618,7.705852165533517,7.919098387680618,,,,,,,,,,,,,,,,,
L2:P2WSH,s=0.5,36881,0.014270074657317666,0.1021984223714841,7.161550464108746,8.26399870288622,8.261256326538415,8.3509699536733,0.11789475081283654,1.5,0.05833863470085905,7.058776168044251,7.321611992792753,8.074739952347542,8.792752201389247,8.151994188087434,8.432754021866968,8.238472583187875,8.469167506411342,0.10697212519370858,0.047368896393460126,0.213499372908922,0.001998001998001998,-0.9922548872763173,-1.2005537772054409,-0.5963084569140553,0.001998001998001998,0.4527334940888412,0.38167626551084505,0.5758427049072482,0.001998001998001998,0.5424471212237254,0.4897809236246172,0.5928817101166497,0.001998001998001998,0.021978021978021976
L2:P2WSH,s=1.0,36881,0.014270074657317666,0.10691707159181496,7.492768800499718,9.421676310374366,8.641165530764642,8.641165530764642,0.1233069979751687,2.0,0.06599121937046293,7.372405907482585,7.605799161503764,9.17642322292889,9.66781130396257,8.520067888878053,8.767995595130824,8.520067888878053,8.767995595130824,0.43819046158468034,0.39637611161094194,0.47507640418341257,0.001998001998001998,0.16542272021182924,0.08033194328671739,0.2498778459592903,0.001998001998001998,0.8326426983150679,0.7873345191999912,0.8797103877158563,0.001998001998001998,0.8326426983150679,0.7873345191999912,0.8797103877158563,0.001998001998001998,0.021978021978021976
L2:P2WSH,s=2.0,36881,0.014270074657317666,0.10604926927216034,7.432244795484893,10.24926241328281,8.910192307986062,7.690868455156558,0.12713050189319328,2.0,0.035266626082957095,7.297936928275112,7.552813534636037,9.98736463978081,10.516784905462426,8.713893471498896,9.095879758401479,7.591518629084539,7.786293642756231,0.3776664565698553,0.3197696953867346,0.43335389776047784,0.001998001998001998,0.9930088231202738,0.8991429018111821,1.0787804239753371,0.001998001998001998,1.1016694755364878,0.9062551018831931,1.2840143685465524,0.001998001998001998,-0.11765437729301631,-0.17756618264968063,-0.05813582632323461,0.001998001998001998,0.021978021978021976
L2:P2WSH,s=3.0,36881,0.014270074657317666,0.11607649498983641,8.134799929441918,11.039204889829463,11.039204889829463,9.290744400840936,0.1575216747190138,1.0,0.026250987838353446,7.98968207884693,8.269085494085711,10.813937739253799,11.259227534674887,10.813937739253799,11.259227534674887,9.135030286608178,9.42632404657114,1.0802215905268806,0.9918472320367614,1.1655469189107612,0.001998001998001998,1.7829512996669266,1.5505083934426818,2.024305606295602,0.001998001998001998,3.230682057379889,3.05999874144829,3.4023275037184604,0.001998001998001998,1.4822215683913615,1.3728294960024854,1.579460888970139,0.001998001998001998,0.021978021978021976
L2:P2WSH,K0=10,36881,0.014270074657317666,0.09527118330205574,6.676730535278532,10.455034054433128,7.401085516343793,7.401085516343793,0.10560995607313489,2.0,0.07733608201807107,6.5644125636606745,6.781346877804579,10.151760607070038,10.766330903574586,7.306667837561704,7.497772031323879,7.306667837561704,7.497772031323879,-0.37784780363650583,-0.41780400042088023,-0.33244006728102876,0.001998001998001998,1.198780464270591,1.0493263410336489,1.3618896066386061,0.001998001998001998,-0.4074373161057814,-0.4518989357746744,-0.36347602489316877,0.001998001998001998,-0.4074373161057814,-0.4518989357746744,-0.36347602489316877,0.001998001998001998,0.021978021978021976
L2:P2WSH,K0=20,36881,0.014270074657317666,0.09405526289779667,6.591536187384103,9.185423190899233,7.218331627303035,7.218331627303035,0.10300243572653314,2.0,0.07727271302619851,6.481326887926838,6.700951158725444,8.956548142024886,9.41927811077181,7.123876129225344,7.314123970696776,7.123876129225344,7.314123970696776,-0.4630421515309342,-0.49449059649691346,-0.4283369661628871,0.001998001998001998,-0.07083039926330414,-0.17456803386966277,0.039644776189899596,0.1978021978021978,-0.5901912051465388,-0.6229525487630818,-0.5580735093356801,0.001998001998001998,-0.5901912051465388,-0.6229525487630818,-0.5580735093356801,0.001998001998001998,0.021978021978021976
L2:P2WSH,K0=40,36881,0.014270074657317666,0.11172905390664335,7.830330902923852,10.59846480262118,8.813185325901648,8.251061194417249,0.1257490458533114,2.0,0.043810214686014384,7.690467149727726,7.9515914366353035,10.298497820160712,10.874213438048795,8.680584776952326,8.98840347704036,7.817627548108869,8.586445853914421,0.7757525640088145,0.7165554020087311,0.8179613011487209,0.001998001998001998,1.3422112124586434,1.249780395358096,1.4359406167376356,0.001998001998001998,1.0046624934520736,0.8920637591029371,1.1675655414256823,0.001998001998001998,0.4425383619676744,0.055261485170357005,0.7456610983421097,0.001998001998001998,0.021978021978021976
L2:P2WSH,K0=60,36881,0.014270074657317666,0.12717073958533165,8.912376134164543,10.639536810221301,9.733897275925532,8.980989455076402,0.1388948963711477,3.0,0.041449025159445554,8.724765448530693,9.087521919859359,10.179780341580193,10.894114892554779,9.577983951114998,10.32591212644392,8.878333584244354,9.203622893542631,1.857797795249505,1.7194442932577338,1.9789248667644708,0.001998001998001998,1.3832832200587646,0.9201481881001053,1.673139258995659,0.001998001998001998,1.9253744434759579,1.80872723011913,2.5219716171494553,0.001998001998001998,1.1724666226268283,1.1131393332804385,1.3457950410141208,0.001998001998001998,0.021978021978021976
L2:P2WSH,cap=0.05,36881,0.014270074657317666,0.12155410196384116,8.518412105942827,10.49580120455638,10.054912857058449,9.594299928421506,0.1434842172046738,2.0,0.03169956789432313,8.332144121490527,8.644788850454656,9.670043554658301,10.773429037638005,9.59610134199101,10.273623557147394,9.452318647307711,9.728458257557284,1.46383376702779,1.3415392451006434,1.5127861705137766,0.001998001998001998,1.2395476143938442,0.4747262145755175,1.3274470179039026,0.001998001998001998,2.246390024608875,1.824700796231405,2.414766866475928,0.001998001998001998,1.7857770959719321,1.7306967656947851,1.8384903812435494,0.001998001998001998,0.021978021978021976
L2:P2WSH,cap=0.15,36881,0.014270074657317666,0.10056273321718992,7.047509578707832,9.249011903142932,7.804988544736967,7.804988544736967,0.11137613754100295,2.0,0.06840877901163878,6.940224494066805,7.161580655003171,9.0009329087735,9.501807453992615,7.702720691656844,7.915065015266686,7.702720691656844,7.915065015266686,-0.007068760207205926,-0.011500114319103182,-0.003947764935578069,0.001998001998001998,-0.00724168701960437,-0.009860735810156207,-0.005022251330209172,0.001998001998001998,-0.003534287712606776,-0.004382595020583157,-0.002698303026545523,0.001998001998001998,-0.003534287712606776,-0.004382595020583157,-0.002698303026545523,0.001998001998001998,0.021978021978021976
L2:P2WSH,cap=0.2,36881,0.014270074657317666,0.10056273321718992,7.047509578707832,9.249011903142932,7.804988544736967,7.804988544736967,0.11137613754100295,2.0,0.06840877901163878,6.940224494066805,7.161580655003171,9.0009329087735,9.501807453992615,7.702720691656844,7.915065015266686,7.702720691656844,7.915065015266686,-0.007068760207205926,-0.011500114319103182,-0.003947764935578069,0.001998001998001998,-0.00724168701960437,-0.009860735810156207,-0.005022251330209172,0.001998001998001998,-0.003534287712606776,-0.004382595020583157,-0.002698303026545523,0.001998001998001998,-0.003534287712606776,-0.004382595020583157,-0.002698303026545523,0.001998001998001998,0.021978021978021976
L2:P2WSH,cap=None,36881,0.014270074657317666,0.10056273321718992,7.047509578707832,9.249011903142932,7.804988544736967,7.804988544736967,0.11137613754100295,2.0,0.06840877901163878,6.940224494066805,7.161580655003171,9.0009329087735,9.501807453992615,7.702720691656844,7.915065015266686,7.702720691656844,7.915065015266686,-0.007068760207205926,-0.011500114319103182,-0.003947764935578069,0.001998001998001998,-0.00724168701960437,-0.009860735810156207,-0.005022251330209172,0.001998001998001998,-0.003534287712606776,-0.004382595020583157,-0.002698303026545523,0.001998001998001998,-0.003534287712606776,-0.004382595020583157,-0.002698303026545523,0.001998001998001998,0.021978021978021976
L2:P2WSH,depth=6,36881,0.014270074657317666,0.10066373088001224,7.054578338915038,9.256253590162537,7.808522832449574,7.808522832449574,0.11142655199396116,2.0,0.06837782808060076,6.946681796743719,7.1669358793903015,9.008194677253165,9.509279035026156,7.705852165533517,7.919098387680618,7.705852165533517,7.919098387680618,0.0,0.0,0.0,1.0,0.0,0.0,0.0,1.0,0.0,0.0,0.0,1.0,0.0,0.0,0.0,1.0,1.0
L2:P2WSH,upsampled (v1 style),36881,0.014270074657317666,0.05390679293301465,3.7779624230104982,5.712817580902444,5.2989949468548385,4.220120648692728,0.07561260437652693,2.0,0.05747579993196324,3.698608357061219,3.8548760152242223,5.583822665395673,5.836535170251283,5.192139989974161,5.635859613919835,4.121817455540669,4.289489531167411,-3.2766159159045394,-3.385759951506937,-3.168205892530945,0.001998001998001998,-3.543436009260093,-3.8054796197247325,-3.2815783088815027,0.001998001998001998,-2.5095278855947356,-2.630464283811167,-2.188730225496383,0.001998001998001998,-3.5884021837568465,-3.7271550963732327,-3.488633383562765,0.001998001998001998,0.021978021978021976
L2:P2WSH,sample-weighted,36881,0.014270074657317666,0.050669521775664014,3.550982804464846,4.98863564149017,4.52652530721539,4.387785856654585,0.06459117483747595,2.0,0.09371784222928847,3.4827388220503135,3.6144786398711224,4.862428428949835,5.10896289452472,4.4447391212190315,4.595228335441079,4.3014284102040765,4.4511273680571595,-3.5035955344501915,-3.6132009933591793,-3.391702193557015,0.001998001998001998,-4.267617948672367,-4.5433438327537,-3.987414257238359,0.001998001998001998,-3.2819975252341838,-3.399095273175075,-3.183984918430216,0.001998001998001998,-3.4207369757949895,-3.5487002280545243,-3.322937021733154,0.001998001998001998,0.021978021978021976
L2:P2WSH,init=k-means++,36881,0.014270074657317666,0.11124053835169728,7.795325492059092,9.084475840301332,9.06970548516285,9.171082877278536,0.12943112505798937,1.5,0.05040159453596425,7.682436854220747,7.9714610132578745,8.885109778162395,9.664297267388402,8.946792157638656,9.266642725082315,9.040191958175868,9.306206997683496,0.7407471531440546,0.6859701634781504,0.8427203860174199,0.001998001998001998,-0.17177774986120475,-0.38831724353626457,0.22168822113081332,0.8931068931068931,1.2611826527132752,1.1907520813402428,1.3920969811437103,0.001998001998001998,1.362560044828962,1.322743154434338,1.402174160702097,0.001998001998001998,0.021978021978021976
L2:P2WSH,init=semantic seeds,36881,0.014270074657317666,0.10367767777760267,7.265726729703111,9.627823442532833,8.13231856166552,8.13231856166552,0.11604746999079453,2.0,0.06758513862251805,7.1498041765923475,7.379280055084978,9.364892387272274,9.88267555622642,8.020494273564925,8.245324448367361,8.020494273564925,8.245324448367361,0.21114839078807357,0.18099001245699847,0.2399898945390169,0.001998001998001998,0.37156985237029616,0.29335111112001666,0.4489069126580482,0.001998001998001998,0.323795729215945,0.29083264481281335,0.35211989998763865,0.001998001998001998,0.323795729215945,0.29083264481281335,0.35211989998763865,0.001998001998001998,0.021978021978021976
L2:P2WSH,init=seed-Ward blend,36881,0.014270074657317666,0.11398991665936035,7.988010979833815,9.260153083548289,9.232999237286862,9.330501118571744,0.13176155380504506,1.5,0.04936341749373059,7.869836918482419,8.164497408080596,9.04913688751034,9.858778601176361,9.10962396902523,9.43315016014666,9.196846587429492,9.462587250880363,0.9334326409187774,0.8753377841116315,1.0309181881673108,0.001998001998001998,0.0038994933857523506,-0.19845848564710628,0.39879436088585624,0.5674325674325674,1.4244764048372875,1.353018801910203,1.5530641607673337,0.001998001998001998,1.5219782861221702,1.4820293969565828,1.5623050519281578,0.001998001998001998,0.021978021978021976
L2:P2TR,reference,1058045,0.40937683192640095,0.798482111102387,1.9504814701926674,2.4289348143697937,2.2745576545079733,2.1268794915036704,0.9312094442413619,3.5,0.18158427112470732,1.9409101264638136,1.9625697114919751,2.412219658020524,2.4467171401734302,2.2416003919618106,2.4357036484790253,2.1109449616563905,2.137975355380957,,,,,,,,,,,,,,,,,
L2:P2TR,s=0.5,1058045,0.40937683192640095,0.7106054112667215,1.7358207729822035,2.3882156846911267,2.304072201542121,1.6899594774288655,0.9432345016977817,5.0,0.10950842754230544,1.7260830023256577,1.7468922815758592,2.371876885171865,2.4063123442354226,2.2778358991780396,2.3186451104178722,1.6788271400668344,1.7021480976127914,-0.21466069721046388,-0.22298683325290633,-0.20798068745656118,0.001998001998001998,-0.04071912967866709,-0.04642802847830355,-0.03544798496548814,0.001998001998001998,0.029514547034147576,-0.13106481757813937,0.04601845259508789,0.8251748251748252,-0.43692001407480485,-0.4469472432416761,-0.4213033726806816,0.001998001998001998,0.021978021978021976
L2:P2TR,s=1.0,1058045,0.40937683192640095,0.7418205091224974,1.8120732346428003,2.423774802477549,2.387298706127695,1.9467259971568596,0.9773037840546068,4.0,0.1139114930986152,1.802531816884756,1.8222935764870622,2.4066504490914,2.441463454520463,2.3702639331880433,2.404711783005835,1.936436484969126,1.9582468135030338,-0.13840823554986703,-0.14482511970965894,-0.13426155967012252,0.001998001998001998,-0.005160011892244576,-0.006896796947121586,-0.0036188164615625017,0.001998001998001998,0.11274105161972159,-0.03714245109157454,0.1402098548317089,0.8331668331668332,-0.18015349434681083,-0.18435610562095905,-0.17087672015591734,0.001998001998001998,0.021978021978021976
L2:P2TR,s=2.0,1058045,0.40937683192640095,0.7990374193444123,1.9518377356273309,2.429744100427029,2.4191743314776466,2.06825498321428,0.990353533629918,4.0,0.10749762098947455,1.9415821461387333,1.9623390296984664,2.413065632784436,2.447403917932748,2.4013032423559424,2.4367363067338736,2.0569744802129595,2.0803690779108632,0.001356265434663495,-0.0026927516124766013,0.0026985156140313105,0.8151848151848152,0.0008092860572350702,-0.0005441020342408339,0.0020905369841738852,0.24775224775224775,0.14461667696967329,-0.0034927761521546864,0.17205699426493104,0.7812187812187812,-0.05862450828939059,-0.06077804705131758,-0.05112023963974653,0.001998001998001998,1.0
L2:P2TR,s=3.0,1058045,0.40937683192640095,0.8125018284187071,1.9847314160581333,2.4299198442579004,2.2774173954862347,2.0026039664728748,0.9323215098058175,5.0,0.12227060672537221,1.9744630448192808,1.9956902393576668,2.413145424658398,2.4476357952120202,2.262646118080462,2.293081438678621,1.9914989062200912,2.0140023711822,0.034249945865465925,0.02798751993556488,0.03869666530967484,0.001998001998001998,0.00098502988810667,-7.680298241458093e-05,0.0021098710102366637,0.06993006993006994,0.0028597409782613603,-0.1468510328009191,0.030598638701051152,0.7372627372627373,-0.12427552503079564,-0.12915405081398681,-0.11408813378279611,0.001998001998001998,0.021978021978021976
L2:P2TR,K0=10,1058045,0.40937683192640095,0.7675932751677683,1.8750284042172474,2.4182172097475236,2.400898666531744,2.0419651550673485,0.9828719050006214,3.0,0.10611114891742926,1.8652924050247972,1.8857982764670602,2.401383178016429,2.435798652098728,2.3698301657738257,2.417824093184148,2.0307169295184937,2.0540935289638504,-0.07545306597542001,-0.0800662131226991,-0.07229312358417686,0.001998001998001998,-0.010717604622270116,-0.011977109828594977,-0.009577949405016406,0.001998001998001998,0.1263410120237709,-0.022257927427572988,0.15455064647123026,0.993006993006993,-0.08491433643632185,-0.0879401896742124,-0.07665605437486403,0.001998001998001998,0.021978021978021976
L2:P2TR,K0=20,1058045,0.40937683192640095,0.746446884534901,1.8233744622798536,2.432060605862281,2.3778131964127187,2.0325927694612194,0.9734214523509902,4.0,0.11629428631915448,1.8130475665078027,1.8326061268989249,2.4154787262801936,2.450700941915009,2.3612065567053513,2.40747432216535,2.021323372558946,2.0444240224704124,-0.12710700791281382,-0.13457961243637276,-0.12338825525654329,0.001998001998001998,0.003125791492487373,0.002081486392493581,0.0043313935492023115,0.001998001998001998,0.1032555419047454,-0.04697824989552529,0.13149123135152044,0.8251748251748252,-0.09428672204245103,-0.09837664629956563,-0.08506271404201744,0.001998001998001998,0.021978021978021976
L2:P2TR,K0=40,1058045,0.40937683192640095,0.8480117023599989,2.071472558774407,2.437988065041893,2.4245112009399374,2.119630511431822,0.9925395178703421,4.5,0.10647310043888698,2.060149921110097,2.084234570799473,2.4211923945968183,2.4558550521391482,2.407061266118692,2.4415083676130003,2.107098069844779,2.132390107686284,0.12099108858173979,0.11488550834173374,0.12498328616426613,0.001998001998001998,0.009053250672099278,0.008138742928490672,0.010103531827361035,0.001998001998001998,0.14995354643196412,-0.0010778632433673253,0.17558372275239348,0.11188811188811189,-0.0072489800718482655,-0.009371038092719197,0.00031748151622861204,0.08591408591408592,0.021978021978021976
L2:P2TR,K0=60,1058045,0.40937683192640095,0.8577476165635016,2.0952549618070293,2.440669244378337,2.429383277359153,2.2025597938604724,0.9945323459079473,6.5,0.10775912545242108,2.083375604939944,2.1084229874149005,2.4237631019849823,2.458730036209307,2.411714786822508,2.4468427661591376,2.188941133851836,2.2172380153576214,0.14477349161436193,0.13859908740937726,0.1492510144830973,0.001998001998001998,0.011734430008543129,0.010672821879931293,0.012977545262667135,0.001998001998001998,0.15482562285117973,0.006183528056034704,0.18240536339247457,0.001998001998001998,0.07568030235680201,0.07345207540063561,0.0837218284435617,0.001998001998001998,0.021978021978021976
L2:P2TR,cap=0.05,1058045,0.40937683192640095,0.8440005247198841,2.0616740090243497,2.4388746470862372,2.4116117187514936,2.1293357940493083,0.9872575655754375,9.0,0.10804654516040042,2.050635459188581,2.074400313588293,2.421965032838056,2.4568452744709592,2.394188343152248,2.4289321430146558,2.114676556402211,2.141158723613404,0.11119253883168234,0.10537670404463141,0.11530138986101943,0.001998001998001998,0.009939832716443497,0.008938690553054629,0.011154076660233835,0.001998001998001998,0.1370540642435203,-0.012492795977255288,0.164773096558473,0.7732267732267732,0.0024563025456378895,-0.0009847494327605453,0.0082484904424586,0.08591408591408592,0.021978021978021976
L2:P2TR,cap=0.15,1058045,0.40937683192640095,0.7921573073710764,1.935031376987782,2.4289148771570965,2.3999028034985077,2.0874810533404853,0.9824728010551188,3.5,0.10904378850134468,1.923752399344984,1.9450666826761722,2.412169646844819,2.446719381484572,2.244485967024523,2.4355971910466057,2.0757363162089493,2.101874740740755,-0.015450093204885329,-0.019896594255251525,-0.014431841438629035,0.001998001998001998,-1.9937212697218598e-05,-5.475942836572489e-05,3.290811087364176e-06,0.2977022977022977,0.1253451489905344,-0.01789523855450582,0.13389821577948005,0.6133866133866134,-0.03939843816318511,-0.04216075617097763,-0.02970230767170209,0.001998001998001998,0.021978021978021976
L2:P2TR,cap=0.2,1058045,0.40937683192640095,0.7921573073710764,1.935031376987782,2.4289148771570965,2.3999028034985077,2.0874810533404853,0.9824728010551188,3.5,0.10904378850134468,1.923752399344984,1.9450666826761722,2.412169646844819,2.446719381484572,2.244485967024523,2.4355971910466057,2.0757363162089493,2.101874740740755,-0.015450093204885329,-0.019896594255251525,-0.014431841438629035,0.001998001998001998,-1.9937212697218598e-05,-5.475942836572489e-05,3.290811087364176e-06,0.2977022977022977,0.1253451489905344,-0.01789523855450582,0.13389821577948005,0.6133866133866134,-0.03939843816318511,-0.04216075617097763,-0.02970230767170209,0.001998001998001998,0.021978021978021976
L2:P2TR,cap=None,1058045,0.40937683192640095,0.7921573073710764,1.935031376987782,2.4289148771570965,2.3999028034985077,2.0874810533404853,0.9824728010551188,3.5,0.10904378850134468,1.923752399344984,1.9450666826761722,2.412169646844819,2.446719381484572,2.244485967024523,2.4355971910466057,2.0757363162089493,2.101874740740755,-0.015450093204885329,-0.019896594255251525,-0.014431841438629035,0.001998001998001998,-1.9937212697218598e-05,-5.475942836572489e-05,3.290811087364176e-06,0.2977022977022977,0.1253451489905344,-0.01789523855450582,0.13389821577948005,0.6133866133866134,-0.03939843816318511,-0.04216075617097763,-0.02970230767170209,0.001998001998001998,0.021978021978021976
L2:P2TR,depth=6,1058045,0.40937683192640095,0.798482111102387,1.9504814701926674,2.4289348143697937,2.2745576545079733,2.1268794915036704,0.9312094442413619,3.5,0.18158427112470732,1.9409101264638136,1.9625697114919751,2.412219658020524,2.4467171401734302,2.2416003919618106,2.4357036484790253,2.1109449616563905,2.137975355380957,0.0,0.0,0.0,1.0,0.0,0.0,0.0,1.0,0.0,0.0,0.0,1.0,0.0,0.0,0.0,1.0,1.0
L2:P2TR,upsampled (v1 style),1058045,0.40937683192640095,0.7064871861463283,1.7257598671871839,2.3793041724256154,2.2942931280062524,1.6705705149710774,0.9392305697011006,14.0,0.112535105554708,1.715035366257312,1.7355229672589203,2.362512682729863,2.3971641503478023,2.2748648940624174,2.3107056147063565,1.6599866482124799,1.6799676427523695,-0.2247216030054835,-0.23475975253507012,-0.218836894870267,0.001998001998001998,-0.04963064194417832,-0.0591610075115618,-0.040448092090552924,0.001998001998001998,0.019735473498279088,-0.1366461222478777,0.04443291674168711,0.8251748251748252,-0.45630897653259295,-0.46844124236462376,-0.4415057695846524,0.001998001998001998,0.021978021978021976
L2:P2TR,sample-weighted,1058045,0.40937683192640095,0.7051044721736703,1.722381707334229,2.379722144273119,2.2933184611054136,1.6633263686363755,0.9388343160684665,13.5,0.11357842335531541,1.7128880626836611,1.7329726696036414,2.362284527594308,2.3970995412148546,2.2750320792551917,2.312390445616595,1.6540752526093259,1.6727456428070955,-0.22809976285843847,-0.23728974668446734,-0.22067007075510772,0.001998001998001998,-0.04921267009667485,-0.05737897914362404,-0.0430891598631243,0.001998001998001998,0.018760806597440283,-0.13373393554986515,0.044093282870874474,0.8251748251748252,-0.4635531228672949,-0.4728055312944933,-0.44883476150915014,0.001998001998001998,0.021978021978021976
L2:P2TR,init=k-means++,1058045,0.40937683192640095,0.8258176314837672,2.0172579644160953,2.4277665847545524,2.4210921325606787,2.167234132724624,0.9911385891180103,3.0,0.10458125487375544,2.006715085773037,2.0298711927356847,2.4110135885394746,2.445827374121466,2.277867487151621,2.437221839359408,2.151258072388756,2.1791326319144977,0.0667764942234279,0.06127795194605508,0.07102511664289868,0.001998001998001998,-0.001168229615241323,-0.001464569620501843,-0.0008531861732294146,0.025974025974025976,0.14653447805270536,-0.10362730184219761,0.15056844673075132,0.955044955044955,0.04035464122095345,0.034916584047160984,0.048410276948253214,0.001998001998001998,0.021978021978021976
L2:P2TR,init=semantic seeds,1058045,0.40937683192640095,0.839748236315838,2.0512861675590854,2.429970179127351,2.4162522299309677,2.1009892995304194,0.9891573506475556,4.0,0.10596452402754192,2.0402578968091425,2.06362322712278,2.4132293371971576,2.447787136392702,2.39878017347767,2.433537469540106,2.088920808088231,2.1165947851604745,0.10080469736641806,0.09498345881535153,0.10471437148393395,0.001998001998001998,0.0010353647575573888,0.00045288468622836094,0.0016324644631870776,0.001998001998001998,0.14169457542299435,-0.005989030996911604,0.16964143037557478,0.7672327672327672,-0.025890191973251042,-0.029199253053273276,-0.013497902787168092,0.001998001998001998,0.021978021978021976
L2:P2TR,init=seed-Ward blend,1058045,0.40937683192640095,0.8365337479946542,2.043434849127264,2.4284248959290626,2.421681130905295,2.2162675814773065,0.9913796402158139,3.0,0.10440053767854116,2.032630047028437,2.0556607579158515,2.4117924064110405,2.446490911870194,2.4020357869797615,2.4383819947721723,2.202712605057891,2.2307948608426784,0.09295337893459665,0.08722229446165881,0.09689043533817215,0.001998001998001998,-0.0005099184407311164,-0.000831497220485855,-0.0001719783215148319,0.017982017982017984,0.1471234763973217,-0.0004107558429531144,0.1707836798262014,0.7032967032967034,0.08938808997363612,0.08621732575771837,0.09850770822791749,0.001998001998001998,0.021978021978021976
L2:mixed,reference,65717,0.0254273770310582,0.22228585746417673,8.742088410567746,11.321603202092279,11.321603202092279,8.82184614881196,0.28787120478025824,2.0,0.022460897231066403,8.626892071638327,8.849065259822517,11.15320094221235,11.49945293764976,11.114183039471774,11.49945293764976,8.295195544118556,8.903567398782235,,,,,,,,,,,,,,,,,
L2:mixed,s=0.5,65717,0.0254273770310582,0.2530002636380122,9.950215088650694,13.421072986879992,13.421072986879992,10.08055205373724,0.3412493635256215,1.0,0.02263809444354919,9.824360542623353,10.078076643715864,13.231905061198614,13.60886120103986,13.231905061198614,13.60886120103986,9.96132084094026,10.191649408378867,1.208126678082948,1.1471558044363832,1.2745647180115696,0.001998001998001998,2.099469784787713,1.9945448228176814,2.202332138048413,0.001998001998001998,2.099469784787713,1.997605240732533,2.240296704376361,0.001998001998001998,1.2587059049252787,1.205955282258231,1.7552261028388347,0.001998001998001998,0.021978021978021976
L2:mixed,s=1.0,65717,0.0254273770310582,0.234845074223814,9.236001811377879,12.473560543313031,12.473560543313031,8.276566026230833,0.3171628356598709,3.0,0.02391955222683024,9.108619069364133,9.348284744648009,12.305554912582634,12.65366648909365,12.305554912582634,12.65366648909365,8.128906250129136,8.580072961800678,0.4939134008101327,0.4361061977021483,0.5454482877945397,0.001998001998001998,1.1519573412207524,1.0785734422158988,1.2221238460699078,0.001998001998001998,1.1519573412207524,1.0785734422158988,1.2718925017594138,0.001998001998001998,-0.5452801225811275,-0.6761403303347897,0.11626121136280884,0.10989010989010989,0.021978021978021976
L2:mixed,s=2.0,65717,0.0254273770310582,0.22954999437410067,9.02794754797749,12.542219255863367,11.258231424770756,8.97957346455808,0.28626198383574136,3.0,0.028886941063743475,8.920608503004022,9.160419338931757,12.369584983442833,12.75854063155466,11.107820730516933,11.874238407784496,8.283523822931192,9.081128436543242,0.28585913740974433,0.2505104699811713,0.34327338269000696,0.001998001998001998,1.2206160537710886,1.146280159697652,1.3283311285260324,0.001998001998001998,-0.06337177732152277,-0.15980036523683208,0.5129905261897116,0.7632367632367633,0.15772731574611853,-0.3981429383522723,0.5992589337292831,0.28771228771228774,0.021978021978021976
L2:mixed,s=3.0,65717,0.0254273770310582,0.2894876645215163,11.385545237142665,18.594562964130297,13.114063160194377,10.609162547531568,0.33343730478332567,2.0,0.026051927752592692,11.231495414816711,11.522375963053994,18.286682385721694,18.894343870623334,12.923202435580603,13.283340411912851,10.46287621353549,10.863600712746573,2.643456826574919,2.5456100675985818,2.756891093715544,0.001998001998001998,7.272959762038019,7.048237902447412,7.493049533720506,0.001998001998001998,1.7924599581020981,1.6012030828532569,2.0130243378896595,0.001998001998001998,1.7873163987196072,1.693041038362652,2.4358184943063406,0.001998001998001998,0.021978021978021976
L2:mixed,K0=10,65717,0.0254273770310582,0.18052725104893952,7.099577656119784,8.22948138061769,7.794852340234977,7.589605813669946,0.19824350214653996,3.0,0.05305875987938356,7.018244687926761,7.191615009615461,8.090398736080498,8.37779633704899,7.580029766613729,8.155789009393354,7.498392454141806,7.672269682702603,-1.6425107544479616,-1.707269118569807,-1.554616843688471,0.001998001998001998,-3.0921218214745885,-3.2810302009805037,-2.9011123939203016,0.001998001998001998,-3.526750861857302,-3.783964132860474,-3.100227691289229,0.001998001998001998,-1.2322403351420146,-1.2772597926735787,-0.7300674172554911,0.001998001998001998,0.021978021978021976
L2:mixed,K0=20,65717,0.0254273770310582,0.227092972126342,8.931349403333442,12.013005716163542,12.013005716163542,7.807128095951358,0.3054410197386943,1.0,0.023096697181281746,8.817903078449879,9.036926351839304,11.833740476946065,12.189566996856248,11.833740476946065,12.189566996856248,7.735436814745774,8.613344095771826,0.1892609927656963,0.14173464805153976,0.2484620221107336,0.001998001998001998,0.6914025140712639,0.6070699867380291,0.7816401284619362,0.001998001998001998,0.6914025140712639,0.6084312937892549,0.8332690038703918,0.001998001998001998,-1.0147180528606032,-1.0630575956609019,0.08904422541556258,0.055944055944055944,0.021978021978021976
L2:mixed,K0=40,65717,0.0254273770310582,0.25084755294106575,9.865504215229706,13.252267346805752,13.127979762164882,9.686541536283265,0.3338018924655438,3.0,0.019844267099590973,9.74355965982401,9.99462187507057,13.038444161958575,13.470194621646927,12.93589017816319,13.332839943493934,9.362327442878618,9.94453078582721,1.1234158046619598,1.0796804056355507,1.1802156723287982,0.001998001998001998,1.9306641447134734,1.8245315676270102,2.0227742178787347,0.001998001998001998,1.8063765600726036,1.7365316177552892,1.925210669695812,0.001998001998001998,0.8646953874713041,0.7140672232599247,1.4581139455252117,0.001998001998001998,0.021978021978021976
L2:mixed,K0=60,65717,0.0254273770310582,0.28735919321171277,11.301226856874052,15.094607318164858,14.836241308614465,12.049364728636313,0.3772439685989244,2.0,0.017776852987103752,11.160572327602317,11.440887360272313,14.850315774850854,15.341735702810594,14.61773529908772,15.039618490758793,11.914925154124754,12.199256492534158,2.5591384463063065,2.4835258572943384,2.6405515549210685,0.001998001998001998,3.7730041160725794,3.5934773058013274,3.940435140905581,0.001998001998001998,3.5146381065221863,3.3648434473429214,3.6675654133168565,0.001998001998001998,3.227518579824352,3.1503946213860816,3.7739567830172898,0.001998001998001998,0.021978021978021976
L2:mixed,cap=0.05,65717,0.0254273770310582,0.22584234179750143,8.882015134241374,11.321603202092279,11.321603202092279,8.494602082609878,0.28787120478025824,2.0,0.022460897231066403,8.771434393953992,8.991349991672944,11.15320094221235,11.49945293764976,11.114183039471774,11.49945293764976,8.140145363766782,8.840208814525656,0.13992672367362857,0.13056653039853972,0.160009905498981,0.001998001998001998,0.0,0.0,0.0,1.0,0.0,0.0,0.0,1.0,-0.32724406620208235,-0.5575750791858123,0.09743384159164016,0.6913086913086913,0.021978021978021976
L2:mixed,cap=0.15,65717,0.0254273770310582,0.22228389813584906,8.742011291912068,11.321603202092279,11.321603202092279,8.82184614881196,0.28787120478025824,2.0,0.022460897231066403,8.62681658766136,8.84898511292707,11.15320094221235,11.49945293764976,11.114183039471774,11.49945293764976,8.295195544118556,8.903567398782235,-7.711865567827658e-05,-0.0001010144652358935,-5.497312304947322e-05,0.001998001998001998,0.0,0.0,0.0,1.0,0.0,0.0,0.0,1.0,0.0,0.0,0.0,1.0,0.021978021978021976
L2:mixed,cap=0.2,65717,0.0254273770310582,0.22228389813584906,8.742011291912068,11.321603202092279,11.321603202092279,8.82184614881196,0.28787120478025824,2.0,0.022460897231066403,8.62681658766136,8.84898511292707,11.15320094221235,11.49945293764976,11.114183039471774,11.49945293764976,8.295195544118556,8.903567398782235,-7.711865567827658e-05,-0.0001010144652358935,-5.497312304947322e-05,0.001998001998001998,0.0,0.0,0.0,1.0,0.0,0.0,0.0,1.0,0.0,0.0,0.0,1.0,0.021978021978021976
L2:mixed,cap=None,65717,0.0254273770310582,0.22228389813584906,8.742011291912068,11.321603202092279,11.321603202092279,8.82184614881196,0.28787120478025824,2.0,0.022460897231066403,8.62681658766136,8.84898511292707,11.15320094221235,11.49945293764976,11.114183039471774,11.49945293764976,8.295195544118556,8.903567398782235,-7.711865567827658e-05,-0.0001010144652358935,-5.497312304947322e-05,0.001998001998001998,0.0,0.0,0.0,1.0,0.0,0.0,0.0,1.0,0.0,0.0,0.0,1.0,0.021978021978021976
L2:mixed,depth=6,65717,0.0254273770310582,0.22228585746417673,8.742088410567746,11.321603202092279,11.321603202092279,8.82184614881196,0.28787120478025824,2.0,0.022460897231066403,8.626892071638327,8.849065259822517,11.15320094221235,11.49945293764976,11.114183039471774,11.49945293764976,8.295195544118556,8.903567398782235,0.0,0.0,0.0,1.0,0.0,0.0,0.0,1.0,0.0,0.0,0.0,1.0,0.0,0.0,0.0,1.0,1.0
L2:mixed,upsampled (v1 style),65717,0.0254273770310582,0.1282743308092063,5.045045187866432,11.569753306490748,9.127720412881612,4.141927514703042,0.2320835040599082,3.0,0.02830490809635832,4.957677747731663,5.1351972017856955,11.323941270861148,11.818948029045284,8.97275401068265,9.26406911471387,4.083798590348639,4.202581757592187,-3.697043222701314,-3.7882363006587734,-3.5874872944933616,0.001998001998001998,0.2481501043984693,-0.007360242809861564,0.5051915969344578,0.057942057942057944,-2.193882789210667,-2.3917473647846093,-1.9749665729891446,0.001998001998001998,-4.679918634108919,-4.75679150846475,-4.162179520561784,0.001998001998001998,0.021978021978021976
L2:mixed,sample-weighted,65717,0.0254273770310582,0.13849889089472353,5.447289914429819,11.811507296156948,9.73936861698297,4.850886059955199,0.2476348079594516,3.0,0.028450724629929446,5.340578990202177,5.537009379390223,11.56369480337623,12.043529622634516,9.592415941356368,9.886861995519508,4.7823634889591204,4.914888330401831,-3.2947984961379273,-3.3992065038136747,-3.1896430352747602,0.001998001998001998,0.48990409406466995,0.24590303846969025,0.7465312693258693,0.001998001998001998,-1.5822345851093083,-1.7527379675086576,-1.3636596555340255,0.001998001998001998,-3.9709600888567618,-4.044279945054328,-3.4578059844733673,0.001998001998001998,0.021978021978021976
L2:mixed,init=k-means++,65717,0.0254273770310582,0.22258811482102592,8.753927220034653,11.057085230865344,11.057085230865344,8.44305012058152,0.28114765977324885,2.0,0.022642844859555887,8.651410052791844,8.86803825551528,10.891524931071697,11.22621136594748,10.577214526509037,11.21556005143805,8.129569502965218,8.854982033340988,0.011838809466906852,-0.013905040028759379,0.052603982784755886,0.22777222777222778,-0.264517971226935,-0.31973240431336464,-0.20942599630226227,0.001998001998001998,-0.264517971226935,-0.7386828048732322,-0.2087209166547388,0.001998001998001998,-0.37879602823044145,-0.6745359959053311,0.26321416656812846,0.3156843156843157,0.33966033966033965
L2:mixed,init=semantic seeds,65717,0.0254273770310582,0.21489258580088366,8.451553888405869,11.191836230461002,10.9970804149375,8.268801973460885,0.2796103682754426,2.0,0.02299153203119583,8.343580588378307,8.559707509859296,11.012467436468087,11.377331603821846,10.76183677394056,11.145257308043988,8.162029720357497,8.374586334466514,-0.29053452216187736,-0.3337346045753529,-0.23389352712675976,0.001998001998001998,-0.12976697163127682,-0.20614293210116927,-0.04735304343432306,0.003996003996003996,-0.32452278715477867,-0.4774155459931184,-0.22818890516779067,0.001998001998001998,-0.5530441753510758,-0.5780661273883761,-0.06323682820431502,0.01998001998001998,0.021978021978021976
L2:mixed,init=seed-Ward blend,65717,0.0254273770310582,0.23617526480706097,9.288592489356098,13.131643300037311,12.420950175388505,9.087304735454603,0.31581130946037483,3.0,0.020661079751887673,9.168604554151967,9.408504179543309,12.923673547937051,13.34294141507818,11.460021250258608,12.669880007086482,8.743088988488967,9.19127146045398,0.5465040787883524,0.4849529506403861,0.6080960415801443,0.001998001998001998,1.8100400979450324,1.7016479518997543,1.911065192356939,0.001998001998001998,1.0993469732962264,0.18663831318092883,1.2751399867158657,0.03396603396603397,0.26545858664264266,0.09632622491889872,0.7800133236299754,0.027972027972027972,0.021978021978021976
L3:runes,reference,1041406,0.40293337219818315,0.7834112435680566,1.9443073397331416,2.0815580641854448,2.0815580641854448,1.9911767610472235,0.8387200716420465,1.0,0.18192792779314973,1.928785665579891,1.9607558909334584,2.0625536907493287,2.1021082725801685,2.0625536907493287,2.1021082725801685,1.974757277262441,2.0080817338523738,,,,,,,,,,,,,,,,,
L3:runes,s=0.5,1041406,0.40293337219818315,0.7920060328818654,1.9656539639617223,2.0994027581801564,2.0994027581801564,1.9499167273582692,0.8458962142636596,1.0,0.2325670636451035,1.9497421230757093,1.981611586880087,2.0801835786375156,2.120241799063412,2.0801835786375156,2.120241799063412,1.9344858892599353,2.0309969265701784,0.02134662422858069,0.018278871173868533,0.024612499977859525,0.001998001998001998,0.01784469399471167,0.013780458752832913,0.021859511972302622,0.001998001998001998,0.01784469399471167,0.013780458752832913,0.021859511972302622,0.001998001998001998,-0.04126003368895437,-0.0457744695339488,0.036629139921196506,0.14785214785214784,0.021978021978021976
L3:runes,s=1.0,1041406,0.40293337219818315,0.7925581173588683,1.9670180288616326,2.1172535416704346,2.1172535416704346,1.990003074933267,0.8530902031349618,1.0,0.22842845462629907,1.9513101209509744,1.9833687575573218,2.0976615333948705,2.138141187657014,2.0976615333948705,2.138141187657014,1.9736573583290355,2.0088406233754066,0.022710689128490946,0.01971289989722853,0.025378636988382722,0.001998001998001998,0.0356954774849898,0.03174341432794705,0.03951086336397201,0.001998001998001998,0.0356954774849898,0.03174341432794705,0.03951086336397201,0.001998001998001998,-0.001173686113956629,-0.0036020459520355037,0.0015548248638530987,0.3696303696303696,0.021978021978021976
L3:runes,s=2.0,1041406,0.40293337219818315,0.7810983520507944,1.938569477397931,2.090977153678541,2.090977153678541,1.941006119856239,0.8425128891050706,1.0,0.17451049878507563,1.9233880853853325,1.9545059307280845,2.0713473721650284,2.111500686848001,2.0713473721650284,2.111500686848001,1.9266444010904575,1.9564868809441534,-0.005737862335210675,-0.007119905590565639,-0.0042275456663026685,0.001998001998001998,0.009419089493096333,0.00815328728516811,0.010587480418048068,0.001998001998001998,0.009419089493096333,0.00815328728516811,0.010587480418048068,0.001998001998001998,-0.05017064119098458,-0.052484543172893784,-0.04767275957022705,0.001998001998001998,0.021978021978021976
L3:runes,s=3.0,1041406,0.40293337219818315,0.7915532812213771,1.9645240724819972,2.0856023880729193,2.0856023880729193,2.002312879609493,0.8403450295573401,1.0,0.1710659582058197,1.948939762670017,1.9804120724413807,2.066718998647157,2.1050822831111056,2.066718998647157,2.1050822831111056,1.9861142038027615,2.019043779337923,0.020216732748855604,0.017517653300298818,0.022924775621862747,0.001998001998001998,0.004044323887474555,2.676885309372397e-06,0.007916999065037176,0.05194805194805195,0.004044323887474555,2.676885309372397e-06,0.007916999065037176,0.05194805194805195,0.011136118562269592,0.008669130502104971,0.013745228215115056,0.001998001998001998,0.021978021978021976
L3:runes,K0=10,1041406,0.40293337219818315,0.7802139802154804,1.9363746243461506,2.108988429438745,2.108988429438745,1.9472697442455233,0.8497647702988999,1.0,0.21496140819721915,1.9211334095668524,1.9527571451182155,2.0889963828561755,2.129111834632709,2.0889963828561755,2.129111834632709,1.932261771932205,1.9627655687836523,-0.00793271538699103,-0.010720306369654197,-0.005219804507308135,0.001998001998001998,0.027430365253300337,0.024097455325201845,0.03073841050151368,0.001998001998001998,0.027430365253300337,0.024097455325201845,0.03073841050151368,0.001998001998001998,-0.04390701680170017,-0.04655884556288942,-0.041142134558877046,0.001998001998001998,0.021978021978021976
L3:runes,K0=20,1041406,0.40293337219818315,0.7883394120979549,1.9565434299503979,2.0948280537021704,2.0948280537021704,2.0948280537021704,0.8440580844571739,1.0,0.262186171042479,1.9411189151417887,1.9729908917230952,2.0755434833195867,2.114539379467689,2.0755434833195867,2.114539379467689,2.0755434833195867,2.114539379467689,0.012236090217256246,0.008806991513616608,0.01602944941023167,0.001998001998001998,0.013269989516725644,0.008632762316783163,0.017845865151702233,0.001998001998001998,0.013269989516725644,0.008632762316783163,0.017845865151702233,0.001998001998001998,0.10365129265494688,0.09834684737831327,0.10880805263576238,0.001998001998001998,0.021978021978021976
L3:runes,K0=40,1041406,0.40293337219818315,0.7886546457916934,1.9573210722697367,2.0809942808003594,2.0809942808003594,1.9824944477671105,0.838494342659976,1.0,0.14394759074032143,1.940649378963504,1.9738203323427617,2.0579899753202544,2.101283553621334,2.0604712587227483,2.101283553621334,1.9673639839484256,1.9987020589092803,0.013013732536595102,0.009943633527772663,0.015534036568542409,0.001998001998001998,-0.0005637833850853369,-0.014199454104653285,0.003214999778121484,0.7252747252747253,-0.0005637833850853369,-0.0067013115616647665,0.003214999778121484,0.7252747252747253,-0.008682313280113041,-0.011201434861761004,-0.006138330274867982,0.001998001998001998,0.021978021978021976
L3:runes,K0=60,1041406,0.40293337219818315,0.814404029577162,2.021248942671182,2.198084141845561,2.198084141845561,2.0831639574337886,0.885656695251763,1.0,0.12315535296797017,2.003513701423086,2.038367078829586,2.175954384039536,2.220495829830958,2.1758305706764585,2.220495829830958,2.0663873437262636,2.103581228020031,0.07694160293804031,0.07284247229629176,0.08045125380393543,0.001998001998001998,0.11652607766011602,0.10998486425191076,0.12270147965941149,0.001998001998001998,0.11652607766011602,0.1099526012890995,0.12270147965941149,0.001998001998001998,0.09198719638656505,0.0887742542785309,0.09843332774746623,0.001998001998001998,0.021978021978021976
L3:runes,cap=0.05,1041406,0.40293337219818315,0.7887027916944662,1.9574442381670218,2.050351430895847,2.050351430895847,1.9826282535073068,0.826145369729409,1.0,0.1548173903973246,1.9409616415233615,1.9737978250389827,2.0269094336592435,2.069753326342422,2.0303117461681213,2.0697381031798763,1.9666243796448195,1.9992903083587827,0.013136898433880217,0.010444321840273729,0.015195076049217049,0.001998001998001998,-0.03120663328959772,-0.04346670582438778,-0.022494881408483526,0.001998001998001998,-0.03120663328959772,-0.035646124962567846,-0.02831103570684381,0.001998001998001998,-0.008548507539916761,-0.009886101110134937,-0.007201940370605575,0.001998001998001998,0.021978021978021976
L3:runes,cap=0.15,1041406,0.40293337219818315,0.7817776341191962,1.9402448606823675,2.063684344808796,2.063684344808796,1.992365365177439,0.831520258792456,1.0,0.20612756799826912,1.924684269416293,1.9564849104694015,2.0443441327507568,2.0837127037515746,2.0443441327507568,2.0837127037515746,1.9755948512914903,2.009295659108022,-0.00406247905077417,-0.006590745986125594,-0.0013692743872593006,0.005994005994005994,-0.017873719376648722,-0.02102258840440665,-0.014492182049324521,0.001998001998001998,-0.017873719376648722,-0.02102258840440665,-0.014492182049324521,0.001998001998001998,0.001188604130215376,-0.0009897907077286213,0.00332113080287334,0.2997002997002997,0.023976023976023976
L3:runes,cap=0.2,1041406,0.40293337219818315,0.7817776341191962,1.9402448606823675,2.063684344808796,2.063684344808796,1.992365365177439,0.831520258792456,1.0,0.20612756799826912,1.924684269416293,1.9564849104694015,2.0443441327507568,2.0837127037515746,2.0443441327507568,2.0837127037515746,1.9755948512914903,2.009295659108022,-0.00406247905077417,-0.006590745986125594,-0.0013692743872593006,0.005994005994005994,-0.017873719376648722,-0.02102258840440665,-0.014492182049324521,0.001998001998001998,-0.017873719376648722,-0.02102258840440665,-0.014492182049324521,0.001998001998001998,0.001188604130215376,-0.0009897907077286213,0.00332113080287334,0.2997002997002997,0.023976023976023976
L3:runes,cap=None,1041406,0.40293337219818315,0.7817776341191962,1.9402448606823675,2.063684344808796,2.063684344808796,1.992365365177439,0.831520258792456,1.0,0.20612756799826912,1.924684269416293,1.9564849104694015,2.0443441327507568,2.0837127037515746,2.0443441327507568,2.0837127037515746,1.9755948512914903,2.009295659108022,-0.00406247905077417,-0.006590745986125594,-0.0013692743872593006,0.005994005994005994,-0.017873719376648722,-0.02102258840440665,-0.014492182049324521,0.001998001998001998,-0.017873719376648722,-0.02102258840440665,-0.014492182049324521,0.001998001998001998,0.001188604130215376,-0.0009897907077286213,0.00332113080287334,0.2997002997002997,0.023976023976023976
L3:runes,depth=6,1041406,0.40293337219818315,0.7834112435680566,1.9443073397331416,2.0815580641854448,2.0815580641854448,1.9911767610472235,0.8387200716420465,1.0,0.18192792779314973,1.928785665579891,1.9607558909334584,2.0625536907493287,2.1021082725801685,2.0625536907493287,2.1021082725801685,1.974757277262441,2.0080817338523738,0.0,0.0,0.0,1.0,0.0,0.0,0.0,1.0,0.0,0.0,0.0,1.0,0.0,0.0,0.0,1.0,1.0
L3:runes,upsampled (v1 style),1041406,0.40293337219818315,0.6669126489449348,1.65515454851589,1.906663817130285,1.906663817130285,1.7110995040739836,0.768252156953966,1.0,0.13239142124797804,1.6434371933665826,1.6671892011380682,1.8875488285479602,1.926822792312438,1.7091945026527227,1.9252427513085872,1.6995158650554723,1.7232731368768195,-0.28915279121725157,-0.2963547826246315,-0.28187589148554515,0.001998001998001998,-0.17489424705515977,-0.1832408017919601,-0.1659576910914598,0.001998001998001998,-0.17489424705515977,-0.36901979872322205,-0.16637122653950892,0.001998001998001998,-0.28007725697323993,-0.2878583705043362,-0.2722016616238899,0.001998001998001998,0.021978021978021976
L3:runes,sample-weighted,1041406,0.40293337219818315,0.66119531548502,1.6409679932167258,1.915296112097336,1.915296112097336,1.6716929875993465,0.7717284810358158,1.0,0.1356824588096195,1.6294180974230914,1.6527803948412931,1.8968236444161415,1.9353497666789727,1.8916375947117519,1.9353497666789727,1.6609460925616841,1.6828037741962605,-0.3033393465164158,-0.31082535630978936,-0.29565086906618127,0.001998001998001998,-0.1662619520881088,-0.17448543306962944,-0.15806072599602178,0.001998001998001998,-0.1662619520881088,-0.1763270085538558,-0.15806072599602178,0.001998001998001998,-0.31948377344787704,-0.3283653810342353,-0.31110043741608934,0.001998001998001998,0.021978021978021976
L3:runes,init=k-means++,1041406,0.40293337219818315,0.7746520106355439,1.9225771521414243,2.026506760486802,2.026506760486802,2.0316040880266124,0.8165296580933783,1.0,0.14480388278190398,1.907680689000168,1.9387762764277723,2.0080900006505527,2.047854466877132,2.0080900006505527,2.047854466877132,2.0141186000976017,2.050039602864953,-0.021730187591717298,-0.02462602527824434,-0.01611229834232098,0.001998001998001998,-0.05505130369864286,-0.0635844279370645,-0.036533158363443057,0.001998001998001998,-0.05505130369864286,-0.0635844279370645,-0.036533158363443057,0.001998001998001998,0.04042732697938889,0.03764155409968193,0.04347007251569085,0.001998001998001998,0.021978021978021976
L3:runes,init=semantic seeds,1041406,0.40293337219818315,0.7862530236606377,1.9513734564166236,2.063889408190532,2.0557561989661886,2.051735848937073,0.82831641773473,2.0,0.23534693524790867,1.9344263526915686,1.967414315657284,2.037510913350085,2.0846010719533274,2.0366098844884624,2.0746485004936,1.99608981702409,2.070185709038107,0.007066116683482004,0.002921070860937331,0.010475317473465461,0.001998001998001998,-0.01766865599491263,-0.034682577980539996,-0.005562271401158028,0.005994005994005994,-0.025801865219256204,-0.031538936664345506,-0.02218535994177774,0.001998001998001998,0.06055908788984943,0.014551566187612688,0.06568623417408213,0.023976023976023976,0.021978021978021976
L3:runes,init=seed-Ward blend,1041406,0.40293337219818315,0.777490471731419,1.9296297410355505,2.0253852847483875,2.0103289206915065,2.0103289206915065,0.8100098453984249,2.0,0.31568243234167037,1.9141013823352884,1.9450831542130267,2.0011722542204238,2.0442014952982794,1.9928592924821953,2.0293167127718235,1.9933745191031693,2.0281295425324077,-0.01467759869759111,-0.021831759817096882,-0.010087808791929151,0.001998001998001998,-0.05617277943705723,-0.08018914543475071,-0.044593181127570436,0.001998001998001998,-0.07122914349393827,-0.08030424368156032,-0.06175906825404212,0.001998001998001998,0.019152159644282962,0.014503872241078375,0.02347421502442256,0.001998001998001998,0.021978021978021976
L3:omni,reference,875,0.0003386093892359541,0.009794372529631504,29.024509030563344,36.21208134869134,36.21208134869134,36.21208134869134,0.012219279065468823,1.0,0.018015362326414208,25.633349164748967,32.783823004147436,32.73359233678019,39.4594321214621,32.73359233678019,39.4594321214621,32.73359233678019,39.4594321214621,,,,,,,,,,,,,,,,,
L3:omni,s=0.5,875,0.0003386093892359541,0.007609354633942159,22.53344680474411,28.803689113190217,28.803689113190217,28.803689113190217,0.009725424365958222,1.0,0.021364854641089483,19.97930916969985,25.372157199793712,26.28804218814384,31.511535831085336,26.28804218814384,31.511535831085336,26.1019993052826,31.511535831085336,-6.491062225819235,-8.371973669715262,-4.827760718441781,0.001998001998001998,-7.408392235501125,-8.606008473472565,-5.677057945983709,0.001998001998001998,-7.408392235501125,-8.606008473472565,-5.677057945983709,0.001998001998001998,-7.408392235501125,-8.649144852629032,-5.720078592961838,0.001998001998001998,0.021978021978021976
L3:omni,s=1.0,875,0.0003386093892359541,0.007147891498113595,21.20082606649634,25.5751778728661,25.5751778728661,25.5751778728661,0.008627717204426826,1.0,0.02538414716033111,18.908093319391156,23.652339779643643,23.39417946594175,27.828837046268113,23.39417946594175,27.828837046268113,23.39417946594175,27.828837046268113,-7.823682964067004,-9.316475426731838,-6.332413980749799,0.001998001998001998,-10.636903475825243,-11.70492545170759,-8.830066624617137,0.001998001998001998,-10.636903475825243,-11.70492545170759,-8.830066624617137,0.001998001998001998,-10.636903475825243,-11.70492545170759,-8.830066624617137,0.001998001998001998,0.021978021978021976
L3:omni,s=2.0,875,0.0003386093892359541,0.009756788110917167,28.963852322152192,36.94129685731236,36.94129685731236,36.94129685731236,0.012477894236528307,1.0,0.017712596372796804,25.379795682729405,32.94097128188345,33.852636294971745,40.150601649780825,33.852636294971745,40.150601649780825,33.852636294971745,40.150601649780825,-0.06065670841115178,-1.3170845005392504,1.2252863946716264,0.951048951048951,0.7292155086210172,0.2617637860622482,2.1819406413868103,0.003996003996003996,0.7292155086210172,0.2617637860622482,2.1819406413868103,0.003996003996003996,0.7292155086210172,0.2617637860622482,2.1819406413868103,0.003996003996003996,1.0
L3:omni,s=3.0,875,0.0003386093892359541,0.0114270307260072,33.90854474915784,42.732080185645785,42.732080185645785,42.732080185645785,0.014420439406625372,1.0,0.014842087550811397,30.20818626848854,38.0396791074241,38.89429176926667,46.616190768887215,38.89429176926667,46.616190768887215,38.82582276573648,46.616190768887215,4.884035718594497,3.572909096498372,6.169871286809489,0.001998001998001998,6.519998836954443,5.4997907223817615,7.857029416888333,0.001998001998001998,6.519998836954443,5.4997907223817615,7.857029416888333,0.001998001998001998,6.519998836954443,5.483774372155034,7.857029416888333,0.001998001998001998,0.021978021978021976
L3:omni,K0=10,875,0.0003386093892359541,0.004149300528058562,12.32760044420565,14.39707884648144,14.39707884648144,14.39707884648144,0.00485353305783184,1.0,0.0449641200901104,10.660502483640148,13.587331755341982,11.945785978766446,15.762725499712953,12.860386048834885,15.705324875314819,12.860386048834885,15.705324875314819,-16.696908586357694,-19.461665699247757,-14.234667645168537,0.001998001998001998,-21.8150025022099,-24.07798955856295,-19.333149551541737,0.001998001998001998,-21.8150025022099,-23.883182684080143,-19.43312424598451,0.001998001998001998,-21.8150025022099,-23.883182684080143,-19.43312424598451,0.001998001998001998,0.021978021978021976
L3:omni,K0=20,875,0.0003386093892359541,0.004800599152741385,14.252988399951812,17.169137727800408,17.169137727800408,17.169137727800408,0.005793209121718871,1.0,0.03767525545008127,12.755564907092017,15.919357410266628,15.681935463426326,18.720937990580936,15.681935463426326,18.720937990580936,15.681935463426326,18.720937990580936,-14.771520630611532,-17.03222352158608,-12.625666334594575,0.001998001998001998,-19.042943620890934,-20.77705820095969,-16.7926153178238,0.001998001998001998,-19.042943620890934,-20.77705820095969,-16.7926153178238,0.001998001998001998,-19.042943620890934,-20.77705820095969,-16.7926153178238,0.001998001998001998,0.021978021978021976
L3:omni,K0=40,875,0.0003386093892359541,0.021366215730799956,63.40617690177482,82.89973530169812,82.89973530169812,82.89973530169812,0.0279834372348532,1.0,0.007688818294889783,54.8314146788041,71.96475679198883,75.59971881488633,90.46384679420026,75.59971881488633,90.46384679420026,75.59971881488633,90.46384679420026,34.38166787121148,28.87050373522205,39.59041186864785,0.001998001998001998,46.68765395300677,42.599114299934236,51.0512975524804,0.001998001998001998,46.68765395300677,42.599114299934236,51.0512975524804,0.001998001998001998,46.68765395300677,42.599114299934236,51.0512975524804,0.001998001998001998,0.021978021978021976
L3:omni,K0=60,875,0.0003386093892359541,0.031770230730451605,94.26123135968035,128.42656904821345,128.42656904821345,128.42656904821345,0.04331707955535517,1.0,0.004938275973199661,81.01346765505126,108.26002845632992,117.3049498011243,140.01769113145016,117.3049498011243,140.01769113145016,117.29242990075969,140.01769113145016,65.23672232911701,55.43767696266838,75.8049070464204,0.001998001998001998,92.21448769952211,84.20261623579299,100.78345996403337,0.001998001998001998,92.21448769952211,84.20261623579299,100.78345996403337,0.001998001998001998,92.21448769952211,84.17604048362765,100.78345996403337,0.001998001998001998,0.021978021978021976
L3:omni,cap=0.05,875,0.0003386093892359541,0.01095626763996077,32.50198146188344,39.51593451394797,39.51593451394797,39.51593451394797,0.013326074218981802,1.0,0.016198052326383258,28.549030718634814,36.1611510729368,35.69239965263467,43.12030676939144,35.69239965263467,43.12030676939144,35.72672839262492,43.12030676939144,3.477472431320095,2.3452757460201665,4.005623401553883,0.001998001998001998,3.3038531652566263,2.5970803040803543,3.9829062326010742,0.001998001998001998,3.3038531652566263,2.5970803040803543,3.9829062326010742,0.001998001998001998,3.3038531652566263,2.5970803040803543,3.9829062326010742,0.001998001998001998,0.021978021978021976
L3:omni,cap=0.15,875,0.0003386093892359541,0.009779972927447686,28.98126223632854,36.21208134869134,36.21208134869134,36.21208134869134,0.012219279065468823,1.0,0.018015362326414208,25.5307417377587,32.74218012463169,32.73359233678019,39.4594321214621,32.73359233678019,39.4594321214621,32.73359233678019,39.4594321214621,-0.04324679423480404,-0.1778743008121072,0.04538080336338898,0.0939060939060939,0.0,0.0,0.0,1.0,0.0,0.0,0.0,1.0,0.0,0.0,0.0,1.0,0.0939060939060939
L3:omni,cap=0.2,875,0.0003386093892359541,0.009779972927447686,28.98126223632854,36.21208134869134,36.21208134869134,36.21208134869134,0.012219279065468823,1.0,0.018015362326414208,25.5307417377587,32.74218012463169,32.73359233678019,39.4594321214621,32.73359233678019,39.4594321214621,32.73359233678019,39.4594321214621,-0.04324679423480404,-0.1778743008121072,0.04538080336338898,0.0939060939060939,0.0,0.0,0.0,1.0,0.0,0.0,0.0,1.0,0.0,0.0,0.0,1.0,0.0939060939060939
L3:omni,cap=None,875,0.0003386093892359541,0.009779972927447686,28.98126223632854,36.21208134869134,36.21208134869134,36.21208134869134,0.012219279065468823,1.0,0.018015362326414208,25.5307417377587,32.74218012463169,32.73359233678019,39.4594321214621,32.73359233678019,39.4594321214621,32.73359233678019,39.4594321214621,-0.04324679423480404,-0.1778743008121072,0.04538080336338898,0.0939060939060939,0.0,0.0,0.0,1.0,0.0,0.0,0.0,1.0,0.0,0.0,0.0,1.0,0.0939060939060939
L3:omni,depth=6,875,0.0003386093892359541,0.009794372529631504,29.024509030563344,36.21208134869134,36.21208134869134,36.21208134869134,0.012219279065468823,1.0,0.018015362326414208,25.633349164748967,32.783823004147436,32.73359233678019,39.4594321214621,32.73359233678019,39.4594321214621,32.73359233678019,39.4594321214621,0.0,0.0,0.0,1.0,0.0,0.0,0.0,1.0,0.0,0.0,0.0,1.0,0.0,0.0,0.0,1.0,1.0
L3:omni,upsampled (v1 style),875,0.0003386093892359541,0.002438661142732703,7.175606731709507,11.906343912690595,9.706005735021073,7.0119464326669085,0.003271436085793541,3.0,0.027105071464923712,5.364370826328071,8.71704067096871,5.937110899942861,16.450723245521804,5.781526842601705,13.747508228776287,5.849888935229154,8.48085358000106,-21.848902298853837,-25.942767157832343,-18.42373542324328,0.001998001998001998,-24.305737436000747,-30.776530851278622,-19.35252898908684,0.001998001998001998,-26.50607561367027,-31.16799619900796,-21.877784443747597,0.001998001998001998,-29.20013491602443,-32.65978735432853,-25.375022016126767,0.001998001998001998,0.021978021978021976
L3:omni,sample-weighted,875,0.0003386093892359541,0.0023473297266422546,6.94702365190351,9.030886642775123,9.277342548783977,7.314905529846717,0.0031756072609175345,4.5,0.036068019574008875,5.281165517546165,8.94458246091068,5.622301462556183,17.614153698480084,5.9170618645815045,13.152556784601881,6.114440607497797,8.68352143127857,-22.077485378659834,-25.735919754644375,-18.469177187718728,0.001998001998001998,-27.18119470591622,-30.854111944054118,-17.74114463835177,0.001998001998001998,-26.934738799907365,-30.789117768915073,-22.30037577692044,0.001998001998001998,-28.897175818844623,-32.21211060843644,-25.272148397114446,0.001998001998001998,0.021978021978021976
L3:omni,init=k-means++,875,0.0003386093892359541,0.008305983332709828,24.69905828176196,31.561263625836148,31.561263625836148,31.561263625836148,0.010645164639317969,1.0,0.020429616770469092,21.637076803618886,28.095913019790654,28.825046234121277,34.33957047822844,28.825046234121277,34.33957047822844,28.825046234121277,34.33957047822844,-4.325450748801384,-5.4073712693158456,-2.9941967938041203,0.001998001998001998,-4.650817722855194,-5.366423768918393,-2.980723121923889,0.001998001998001998,-4.650817722855194,-5.366423768918393,-2.980723121923889,0.001998001998001998,-4.650817722855194,-5.366423768918393,-2.980723121923889,0.001998001998001998,0.021978021978021976
L3:omni,init=semantic seeds,875,0.0003386093892359541,0.007743611163049491,23.004275163460377,27.62113209600315,27.62113209600315,27.62113209600315,0.009316033811893668,1.0,0.023466593919967648,20.62651834975576,25.628596249406957,25.23833749603,30.06631171691494,25.23833749603,30.06631171691494,25.23833749603,30.06631171691494,-6.0202338671029665,-7.489672658729803,-4.466558652714923,0.001998001998001998,-8.59094925268819,-9.532559323927883,-6.7989843150485045,0.001998001998001998,-8.59094925268819,-9.532559323927883,-6.7989843150485045,0.001998001998001998,-8.59094925268819,-9.532559323927883,-6.7989843150485045,0.001998001998001998,0.021978021978021976
L3:omni,init=seed-Ward blend,875,0.0003386093892359541,0.01256061827654376,37.314644476995184,49.10526254296186,49.10526254296186,49.10526254296186,0.016571041000164044,1.0,0.013053440210847946,32.48766956073984,42.67821826154408,44.89954356138432,53.31726464223435,44.89954356138432,53.31726464223435,44.89954356138432,53.31726464223435,8.29013544643184,6.441959425403992,10.177407294186711,0.001998001998001998,12.893181194270518,11.582673143087721,14.321763114930539,0.001998001998001998,12.893181194270518,11.582673143087721,14.321763114930539,0.001998001998001998,12.893181194270518,11.582673143087721,14.321763114930539,0.001998001998001998,0.021978021978021976
L3:other_opreturn,reference,35010,0.013546251596113144,0.06206337453769087,4.581156724209743,7.5044725063715045,5.426990632010186,5.059758043096573,0.07351604571280099,3.0,0.08676617755721132,4.347204600613669,4.799489798318036,6.843990047520336,8.170226392204368,5.252178685434425,6.198999502346304,4.906995117278321,5.201290109831049,,,,,,,,,,,,,,,,,
L3:other_opreturn,s=0.5,35010,0.013546251596113144,0.058259306074216546,4.301159347672685,6.423361607260363,6.585469375953379,5.019053515867933,0.08919231062734036,2.0,0.038651515641714776,4.147515528675502,4.491556376413714,6.005426167703712,7.114781907684863,5.342717768374935,6.9092678285805835,4.8600963160769615,5.32304639568821,-0.27999737653705825,-0.39783348220711956,-0.10098010419767266,0.001998001998001998,-1.0811108991111418,-1.700773613809355,-0.030515445614514063,0.04195804195804196,1.158478743943193,0.01149516621050776,1.4069500659472094,0.03796203796203796,-0.04070452722864015,-0.10304206418421277,0.10051112765160602,0.2077922077922078,0.021978021978021976
L3:other_opreturn,s=1.0,35010,0.013546251596113144,0.0930227781222438,6.866746728237604,12.587684402999235,9.705882795884353,6.021463448023835,0.13149193710551388,2.0,0.03390232314890086,6.50472906411688,7.174138068179572,11.948103912694545,13.171605197285592,9.262528602451583,10.104844746033143,5.862428491494593,6.255265378800078,2.2855900040278607,1.9892418074303002,2.6047378461833337,0.001998001998001998,5.083211896627731,4.091356635963877,6.063972285182061,0.001998001998001998,4.278892163874167,3.628800520385341,4.633787749180311,0.001998001998001998,0.9617054049272618,0.9082715375680649,1.1312176809205179,0.001998001998001998,0.021978021978021976
L3:other_opreturn,s=2.0,35010,0.013546251596113144,0.09460892232508579,6.983132500246068,11.337540657853191,9.368238979533885,6.217854411867629,0.12692566261119456,2.0,0.04126003884397886,6.516422939874329,7.421679952622539,9.960722295170786,12.550248386786887,8.97787705238222,9.72930070023266,6.08514919419625,8.58524728398175,2.401975776036325,2.0121471902041987,2.7778587308068046,0.001998001998001998,3.8330681514816867,2.7004757616449453,4.806834942447405,0.001998001998001998,3.9412483475236986,3.167084840059364,4.3474548302413325,0.001998001998001998,1.158096368771056,1.0151667542418379,3.538872143323331,0.001998001998001998,0.021978021978021976
L3:other_opreturn,s=3.0,35010,0.013546251596113144,0.08901850524665336,6.570301501554457,10.659052054662567,8.793856974915855,6.572668239999074,0.1191280853473761,2.0,0.03535076867822569,6.235858073366202,6.84581932797962,10.05890513575742,11.21263267473214,7.851631744791124,9.150940957186842,6.417782260880125,6.743195386483088,1.9891447773447144,1.802047891657398,2.1753857788019753,0.001998001998001998,3.1545795482910624,2.72938092092521,3.588367840831966,0.001998001998001998,3.366866342905668,2.4350476666066387,3.6567114219932857,0.001998001998001998,1.5129101969025012,1.4290472251937316,1.6159335614717472,0.001998001998001998,0.021978021978021976
L3:other_opreturn,K0=10,35010,0.013546251596113144,0.05882993910059099,4.342777646044425,6.2546621327673755,5.016691753546352,4.609553163125645,0.06795739953644633,2.0,0.09607035845744677,4.168376942932977,4.504710093605554,5.889887323310605,6.6203975152127335,4.829335205077611,5.168143089296753,4.497031033397637,4.953052564171627,-0.2383790781653179,-0.4841479068705619,0.01229557080146945,0.06393606393606394,-1.249810373604129,-2.0121835809614614,-0.5370813178056404,0.001998001998001998,-0.41029887846383417,-1.2215817996328613,-0.21899051852042345,0.001998001998001998,-0.4502048799709284,-0.5524841172383474,-0.12386721445897186,0.011988011988011988,0.06393606393606394
L3:other_opreturn,K0=20,35010,0.013546251596113144,0.06251075489984058,4.614769093067757,7.374316849065792,5.773786275036298,5.362667844990087,0.07821136647512225,2.0,0.07648249007856713,4.402532846224358,4.82791634126473,6.811635954669547,7.9707873946675125,5.572626407570481,5.9657451712844685,5.198052741761963,5.514613630315377,0.03361236885801411,-0.04155812219108097,0.14698952001841345,0.3116883116883117,-0.13015565730571232,-0.4443184334956072,0.180757879952897,0.4095904095904096,0.34679564302611166,-0.3551743739520883,0.4110105113208178,0.2017982017982018,0.3029098018935139,0.2574269693218463,0.35766998496525676,0.003996003996003996,0.3116883116883117
L3:other_opreturn,K0=40,35010,0.013546251596113144,0.11091218278861292,8.187267315519186,13.274494758920527,12.393237119257613,7.938128296753744,0.16790552845142737,2.0,0.02153326970721811,7.6470057259257604,8.696756622110252,11.413653352432279,15.105711309748028,11.169067680042192,13.048527571320284,7.760929847360683,9.417516146210627,3.6061105913094433,3.1275016238458133,4.082214979706194,0.001998001998001998,5.770022252549023,3.8470763972235127,7.301758075295663,0.001998001998001998,6.966246487247426,5.714737263081407,7.539602344630985,0.001998001998001998,2.878370253657171,2.6894264916950124,4.380531639363295,0.001998001998001998,0.021978021978021976
L3:other_opreturn,K0=60,35010,0.013546251596113144,0.10557875785686066,7.792514407778244,10.996188350209543,10.674749526337004,7.998841014058723,0.14462259955098825,3.0,0.027484352828152342,7.223974773645495,8.33111095887951,9.667784362959855,12.998371678544608,10.079825711975595,11.238962750306051,7.686331318270354,8.20695080403497,3.211357683568501,2.7238171145084427,3.7249298567119915,0.001998001998001998,3.4917158438380387,2.1779308615423547,5.116165065871883,0.001998001998001998,5.247758894326818,4.472546283962442,5.763159895285094,0.001998001998001998,2.9390829709621498,2.6275731860363596,3.1478929728503835,0.001998001998001998,0.021978021978021976
L3:other_opreturn,cap=0.05,35010,0.013546251596113144,0.09015947219526065,6.654659014132587,9.395245563628066,9.246697923511086,7.742733734161808,0.1252798403910266,2.0,0.03401868528640338,6.354917814425295,6.935608596750256,8.564788930589334,10.093738824613041,8.85289230469738,9.615498696157864,7.309141530410584,7.947526186349403,2.0735022899228444,1.7885694272931343,2.381725264312953,0.001998001998001998,1.8907730572565615,0.6904327552820452,2.966276139132717,0.003996003996003996,3.819707291500899,2.866583995384589,4.141236799145974,0.001998001998001998,2.682975691065235,2.3493278346711355,2.794359986884629,0.001998001998001998,0.021978021978021976
L3:other_opreturn,cap=0.15,35010,0.013546251596113144,0.06243997285711774,4.609002896815111,7.5044725063715045,5.426941883136131,5.121920593264844,0.07351535734124269,3.0,0.08678281058231624,4.374268908199262,4.831525187420881,6.843990047520336,8.170226392204368,5.247650857940509,6.198467798963335,4.9716646785304635,5.265875231374033,0.02784617260536848,0.013010448115594887,0.04123070850060682,0.017982017982017984,0.0,0.0,0.0,1.0,-4.874887405570405e-05,-0.0020118738512038045,0.0017633385708619052,0.9070929070929071,0.06216255016827077,0.042975439015612495,0.087275489825949,0.005994005994005994,0.03596403596403597
L3:other_opreturn,cap=0.2,35010,0.013546251596113144,0.06243997285711774,4.609002896815111,7.5044725063715045,5.426941883136131,5.121920593264844,0.07351535734124269,3.0,0.08678281058231624,4.374268908199262,4.831525187420881,6.843990047520336,8.170226392204368,5.247650857940509,6.198467798963335,4.9716646785304635,5.265875231374033,0.02784617260536848,0.013010448115594887,0.04123070850060682,0.017982017982017984,0.0,0.0,0.0,1.0,-4.874887405570405e-05,-0.0020118738512038045,0.0017633385708619052,0.9070929070929071,0.06216255016827077,0.042975439015612495,0.087275489825949,0.005994005994005994,0.03596403596403597
L3:other_opreturn,cap=None,35010,0.013546251596113144,0.06243997285711774,4.609002896815111,7.5044725063715045,5.426941883136131,5.121920593264844,0.07351535734124269,3.0,0.08678281058231624,4.374268908199262,4.831525187420881,6.843990047520336,8.170226392204368,5.247650857940509,6.198467798963335,4.9716646785304635,5.265875231374033,0.02784617260536848,0.013010448115594887,0.04123070850060682,0.017982017982017984,0.0,0.0,0.0,1.0,-4.874887405570405e-05,-0.0020118738512038045,0.0017633385708619052,0.9070929070929071,0.06216255016827077,0.042975439015612495,0.087275489825949,0.005994005994005994,0.03596403596403597
L3:other_opreturn,depth=6,35010,0.013546251596113144,0.06206337453769087,4.581156724209743,7.5044725063715045,5.426990632010186,5.059758043096573,0.07351604571280099,3.0,0.08676617755721132,4.347204600613669,4.799489798318036,6.843990047520336,8.170226392204368,5.252178685434425,6.198999502346304,4.906995117278321,5.201290109831049,0.0,0.0,0.0,1.0,0.0,0.0,0.0,1.0,0.0,0.0,0.0,1.0,0.0,0.0,0.0,1.0,1.0
L3:other_opreturn,upsampled (v1 style),35010,0.013546251596113144,0.0614698579737058,4.5378245022291726,7.964128661042246,3.4815353337098065,2.7515297247446866,0.04716434876119964,3.0,0.10518400461928709,4.339578169568294,4.735233488767156,7.609731474074188,8.30412406460327,3.2775369132867707,3.6070864588125833,2.5522929330728235,2.8555251309763623,-0.043332221980570296,-0.34354097825379465,0.2806849603468445,0.8171828171828172,0.45965615467074183,-0.340431402073835,1.2291406442470738,0.2757242757242757,-1.9454552983003799,-2.7676981702506978,-1.7817535697656754,0.001998001998001998,-2.3082283183518864,-2.5575593765750497,-2.1296650588317574,0.001998001998001998,0.8171828171828172
L3:other_opreturn,sample-weighted,35010,0.013546251596113144,0.0551907875722839,4.074614337447032,4.158950718388265,3.11032240464543,2.7931985882041275,0.042131886083822824,3.0,0.12853433356667127,3.8966746386451874,4.245581130022151,3.9827260158741993,4.318868698834812,2.964062096907129,3.22006597799174,2.5345013269938197,2.8664574639511446,-0.5065423867627112,-0.7974801004678587,-0.20583993584097868,0.003996003996003996,-3.3455217879832393,-4.062415383263087,-2.658564988825994,0.001998001998001998,-2.3166682273647563,-3.123504294256028,-2.1630673056736347,0.001998001998001998,-2.2665594548924455,-2.577676372417791,-2.1353982554131883,0.001998001998001998,0.021978021978021976
L3:other_opreturn,init=k-means++,35010,0.013546251596113144,0.07864223176459251,5.80383651640741,8.946802873517493,8.553023856479971,6.0938834963179165,0.11589628823797114,2.0,0.03695329986137405,5.525883076766032,6.016362602017115,8.162478393447383,9.383182826954215,8.130891045079265,8.944136741670524,5.952605486258747,6.337152435415313,1.2226797921976669,0.9540257632436641,1.446077515988531,0.001998001998001998,1.4423303671459884,0.39915556105020744,2.223585408477173,0.007992007992007992,3.1260332244697846,2.34325258898446,3.5401947389149218,0.001998001998001998,1.0341254532213435,0.8895953237494123,1.2545611578764184,0.001998001998001998,0.021978021978021976
L3:other_opreturn,init=semantic seeds,35010,0.013546251596113144,0.07564811286528622,5.5837693236621115,7.9684258414311095,7.401971470658879,5.551841123411189,0.10028396669855577,2.0,0.0428485923750634,5.330873371152482,5.778520083550492,7.2775256215788025,8.388926177952667,7.073859042749201,7.722085235500372,5.361154989983653,5.760017520750528,1.0026125994523687,0.7352650793931096,1.2358378954758749,0.001998001998001998,0.463953335059605,-0.8340721117222684,1.3354825456872295,0.3276723276723277,1.9749808386486922,1.2917840101396352,2.269618988645902,0.001998001998001998,0.49208308031461634,0.33147321736525476,0.6205878489772542,0.001998001998001998,0.021978021978021976
L3:other_opreturn,init=seed-Ward blend,35010,0.013546251596113144,0.08651427295342601,6.385249303161565,9.174257054600476,8.358710347645593,7.322985803758613,0.11325398014988698,2.0,0.034278729281452334,6.127037403014746,6.596053216796352,8.374348054338013,9.590383098178318,7.622063789412013,8.78878839546583,6.720436163872982,7.532949133631112,1.8040925789518223,1.5150680133594834,2.0584610618405472,0.001998001998001998,1.6697845482289715,0.5568392751972719,2.4804536452602433,0.013986013986013986,2.9317197156354062,1.9158804541716903,3.3477251349223476,0.001998001998001998,2.2632277606620397,1.6194168510702762,2.5260063622989493,0.001998001998001998,0.021978021978021976
L4:exchange,reference,8649,0.0033463880164738813,0.06973194693871868,20.847900692306354,41.16541815631291,29.177802085615628,20.07667228581226,0.09759672709056708,3.0,0.010020290057319949,19.948803914004408,21.715124102449018,38.1150860667084,43.70406144815034,28.145684658712067,30.258952855751534,19.678135697733477,20.542440778246085,,,,,,,,,,,,,,,,,
L4:exchange,s=0.5,8649,0.0033463880164738813,0.08015209677676038,23.964247034390677,56.09239805441527,34.32760259917417,18.164975359642682,0.11483824701710334,2.0,0.009585868045661347,22.796255772335982,24.941544535271404,53.32862384737082,59.03118370150102,33.21059696328511,35.456057817808336,17.889431399080102,18.81756131690483,3.1163463420843236,2.4375939480779354,3.6590518040164635,0.001998001998001998,14.92697989810236,12.620876139818549,17.972433344722376,0.001998001998001998,5.149800513558542,4.386490250627892,5.879969170929892,0.001998001998001998,-1.9116969261695793,-2.0547932509169553,-1.3277518755181845,0.001998001998001998,0.021978021978021976
L4:exchange,s=1.0,8649,0.0033463880164738813,0.07380989633351336,22.067746791259914,50.95309839941487,31.390487697695747,19.600034121636096,0.10500563817314454,2.0,0.009219475947877618,21.19095858017202,23.094106664927736,48.415798048423675,53.662515879821854,30.328590966774804,32.54058175145853,19.015144797642602,20.018508500722515,1.2198460989535604,0.7221704891883053,1.8971766545245308,0.001998001998001998,9.78768024310196,7.51335354818807,12.726538676454286,0.001998001998001998,2.2126856120801186,1.5262874319581774,2.8004513313970922,0.001998001998001998,-0.47663816417616545,-0.9379832016148767,-0.27918782119109736,0.001998001998001998,0.021978021978021976
L4:exchange,s=2.0,8649,0.0033463880164738813,0.06674586050780582,19.954026459119707,43.37752298515768,24.453325329501112,17.193913432818732,0.08162062649663065,3.5,0.01700812687957769,19.112328743132185,20.787109565566897,39.70906835683197,46.2048946634015,18.884158014574886,30.147859892346254,16.87969147779492,19.06085558104344,-0.8938742331866472,-1.3261788510897197,-0.3102059889533479,0.003996003996003996,2.2121048288447724,0.04462558448817358,4.205833141298376,0.05194805194805195,-4.724476756114516,-9.72486305667016,0.21119742384661072,0.14585414585414586,-2.882758852993529,-3.0592773463961596,-1.1566596191999337,0.001998001998001998,0.021978021978021976
L4:exchange,s=3.0,8649,0.0033463880164738813,0.05358336525988128,16.016485326323643,29.24139344273502,19.568668376342874,15.52936663971262,0.06546780754153944,3.0,0.015674648162750188,15.354370619069181,16.608532381823963,27.73954850228841,31.187948277721638,18.064215740874044,20.223081222945172,15.104001822136519,16.135937893751706,-4.831415365982711,-5.443131669075154,-4.24773038632643,0.001998001998001998,-11.92402471357789,-13.520637283136981,-9.512165502933405,0.001998001998001998,-9.609133709272754,-11.176642083815548,-8.864993299243741,0.001998001998001998,-4.547305646099641,-4.828185033672578,-4.07174546083709,0.001998001998001998,0.021978021978021976
L4:exchange,K0=10,8649,0.0033463880164738813,0.04041135532611101,12.082454915178133,30.00431383621944,12.940548446166837,8.59116660839408,0.04328599119636578,2.0,0.02855176983414929,11.529691624804075,12.694242982065754,28.42969601747914,31.497395853818745,12.531749438527369,13.351725299969276,8.271910697972523,8.737297311508168,-8.765445777128221,-9.210465472346282,-8.176873066657766,0.001998001998001998,-11.161104320093472,-12.979664928037424,-8.619696911287196,0.001998001998001998,-16.23725363944879,-17.086267499707443,-15.469274823479683,0.001998001998001998,-11.485505677418182,-11.92677841557991,-11.272398588545713,0.001998001998001998,0.021978021978021976
L4:exchange,K0=20,8649,0.0033463880164738813,0.06304645840475948,18.848422422455084,43.86815366868701,19.33409423837546,19.33409423837546,0.0646913250577209,2.0,0.027069810228373896,18.03273408023199,19.689593180366685,41.651102336911315,46.008952754683804,18.83633586876342,19.82186153678716,18.72277535004239,19.82072750626018,-1.99947826985127,-2.4375532892688985,-1.4523485473178526,0.001998001998001998,2.7027355123740975,1.023981218406487,5.152383145203822,0.001998001998001998,-9.843707847240168,-10.952707852199339,-8.810209095331285,0.001998001998001998,-0.7425780474368011,-1.1696031472184523,-0.4877199787822325,0.001998001998001998,0.021978021978021976
L4:exchange,K0=40,8649,0.0033463880164738813,0.07062767339214777,21.116077934255962,40.933645486677364,30.11918388077646,20.456477938851656,0.10074442050327025,3.0,0.009646492170488428,20.215708821717406,22.001494681086772,37.908703088056455,43.42257424738004,29.06780116148627,31.250420203319653,19.952210367693226,21.00897583831947,0.26817724194960846,0.06212118690067105,0.387178360778545,0.03796203796203796,-0.23177266963554644,-1.089909214338016,-0.048072647553061655,0.011988011988011988,0.941381795160833,0.7576683912489504,1.1121569923705452,0.001998001998001998,0.3798056530393943,0.16176590662366228,0.5888617647496487,0.011988011988011988,0.03796203796203796
L4:exchange,K0=60,8649,0.0033463880164738813,0.09119653445446169,27.264876235140164,53.31447384713938,45.30094687600213,24.998994895536747,0.1515468547797033,2.0,0.005995598576477527,26.16614091481482,28.448666906563304,48.14355747445502,56.89685419182684,43.435218930194004,46.93345976440536,24.46205727097829,27.465661148527968,6.416975542833811,5.780013429147675,7.130472021336213,0.001998001998001998,12.149055690826472,8.53755639842751,14.227580081236644,0.003996003996003996,16.1231447903865,14.430187578708402,17.582530702485588,0.001998001998001998,4.922322609724485,4.5770739298432614,7.284575049568137,0.001998001998001998,0.021978021978021976
L4:exchange,cap=0.05,8649,0.0033463880164738813,0.07102364062260688,21.233840421973603,41.16541815631291,29.177802085615628,20.07667228581226,0.09759672709056708,3.0,0.010020290057319949,20.31324556455548,22.083570818484752,38.1150860667084,43.70406144815034,28.145684658712067,30.258952855751534,19.678135697733477,20.542440778246085,0.38593972966724976,0.33203407437135607,0.43076497205500974,0.001998001998001998,0.0,0.0,0.0,1.0,0.0,0.0,0.0,1.0,0.0,0.0,0.0,1.0,0.021978021978021976
L4:exchange,cap=0.15,8649,0.0033463880164738813,0.06968003220139513,20.83237831820795,41.16541815631291,29.177802085615628,20.07667228581226,0.09759672709056708,3.0,0.010020290057319949,19.93393692725148,21.700043500966412,38.1150860667084,43.70406144815034,28.145684658712067,30.258952855751534,19.678135697733477,20.542440778246085,-0.015522374098402736,-0.023614717497389567,-0.005048225311525117,0.007992007992007992,0.0,0.0,0.0,1.0,0.0,0.0,0.0,1.0,0.0,0.0,0.0,1.0,0.023976023976023976
L4:exchange,cap=0.2,8649,0.0033463880164738813,0.06968003220139513,20.83237831820795,41.16541815631291,29.177802085615628,20.07667228581226,0.09759672709056708,3.0,0.010020290057319949,19.93393692725148,21.700043500966412,38.1150860667084,43.70406144815034,28.145684658712067,30.258952855751534,19.678135697733477,20.542440778246085,-0.015522374098402736,-0.023614717497389567,-0.005048225311525117,0.007992007992007992,0.0,0.0,0.0,1.0,0.0,0.0,0.0,1.0,0.0,0.0,0.0,1.0,0.023976023976023976
L4:exchange,cap=None,8649,0.0033463880164738813,0.06968003220139513,20.83237831820795,41.16541815631291,29.177802085615628,20.07667228581226,0.09759672709056708,3.0,0.010020290057319949,19.93393692725148,21.700043500966412,38.1150860667084,43.70406144815034,28.145684658712067,30.258952855751534,19.678135697733477,20.542440778246085,-0.015522374098402736,-0.023614717497389567,-0.005048225311525117,0.007992007992007992,0.0,0.0,0.0,1.0,0.0,0.0,0.0,1.0,0.0,0.0,0.0,1.0,0.023976023976023976
L4:exchange,depth=6,8649,0.0033463880164738813,0.06973194693871868,20.847900692306354,41.16541815631291,29.177802085615628,20.07667228581226,0.09759672709056708,3.0,0.010020290057319949,19.948803914004408,21.715124102449018,38.1150860667084,43.70406144815034,28.145684658712067,30.258952855751534,19.678135697733477,20.542440778246085,0.0,0.0,0.0,1.0,0.0,0.0,0.0,1.0,0.0,0.0,0.0,1.0,0.0,0.0,0.0,1.0,1.0
L4:exchange,upsampled (v1 style),8649,0.0033463880164738813,0.061310539366826025,18.324278956315716,22.987995931929877,22.987995931929877,23.05934258806807,0.07691724447107522,1.0,0.015246975723630613,17.81519502807663,18.91520619678638,22.043751336612097,24.284821212398334,22.4136544977242,23.72579688819261,22.534696276862103,23.57678783558567,-2.5236217359906377,-3.2142889626064974,-1.5776973538711376,0.001998001998001998,-18.177422224383033,-20.34246326556668,-14.86413836577909,0.001998001998001998,-6.189806153685751,-7.255089479265045,-4.813577191335952,0.003996003996003996,2.9826703022558085,2.4685881773311307,3.4884859530260157,0.001998001998001998,0.021978021978021976
L4:exchange,sample-weighted,8649,0.0033463880164738813,0.07702309822877784,23.0210265084188,45.22151658260391,35.015628974727576,18.005058806680353,0.11715451564563137,2.0,0.011420623262570765,22.271667585324515,23.934303126155584,43.37776119113721,47.26136021414501,33.981583835917036,36.08813206558221,17.475512627251316,18.507620627699023,2.173125816112446,1.2792976219573173,3.1690536027599436,0.001998001998001998,4.056098426291001,0.7470673905395699,7.98027212151505,0.023976023976023976,5.837826889111948,5.0710714793887774,6.639946684745491,0.001998001998001998,-2.0716134791319085,-2.600201847458454,-1.602580046187688,0.001998001998001998,0.021978021978021976
L4:exchange,init=k-means++,8649,0.0033463880164738813,0.07718872321039097,23.07827765996768,57.09120346812726,32.07790285130591,20.46011887569544,0.10729832697697538,2.0,0.008334546444673215,22.055717973442345,24.141191686874095,54.228614819413686,60.132019842810784,26.213239178293883,33.32859878222129,19.84293166552177,20.907825137177706,2.230376967661325,1.6697234226440647,2.9202936683002867,0.001998001998001998,15.925785311814352,13.547042658194112,18.854718295437834,0.001998001998001998,2.9001007656902793,-2.3051886112366624,3.487037476171471,0.22377622377622378,0.38344658988317804,-0.03075331734990402,0.5665430220431522,0.0979020979020979,0.021978021978021976
L4:exchange,init=semantic seeds,8649,0.0033463880164738813,0.0658195032466351,19.67812617043604,43.59533787306772,20.82979606772809,20.82979606772809,0.06969109094839898,2.0,0.02445112852244928,18.90575365207752,20.45624450608534,41.46336780623708,45.69275335869965,20.327215012247457,21.345285444937154,19.61137031216596,21.345285444937154,-1.1697745218703126,-1.661635328748349,-0.5621860454915175,0.001998001998001998,2.42991971675481,0.5991817012893059,5.03850082090287,0.00999000999000999,-8.348006017887538,-9.374761376251927,-7.344912871340714,0.001998001998001998,0.7531237819158285,-0.20482096186636917,1.0134223750188103,0.37162837162837165,0.021978021978021976
L4:exchange,init=seed-Ward blend,8649,0.0033463880164738813,0.06664195455776623,19.92305192624965,44.65353998267632,20.75980363001232,18.754321906212965,0.0694584410813494,2.0,0.020705797384836324,19.140762077338604,20.706140464144667,42.46774780490693,46.9588997043215,20.285246210618105,21.595415314127607,18.231364177107906,19.16010087820317,-0.9248487660567051,-1.4867235653327986,-0.29244722457783595,0.007992007992007992,3.488121826363411,1.5117775919362442,6.18270972276152,0.003996003996003996,-8.417998455603307,-9.371702838450172,-7.21313634400165,0.001998001998001998,-1.3223503795992961,-1.8108735158750713,-1.0271831315721394,0.001998001998001998,0.021978021978021976
