kind,replicate,method,cluster,jaccard
seed,0,ZSH,0,0.995622876231066
seed,0,ZSH,1,0.3098003491991194
seed,0,ZSH,2,0.9800913615599646
seed,0,ZSH,3,0.9836031112045407
seed,0,ZSH,4,0.9460061230169775
seed,0,ZSH,5,0.6083742644555755
seed,0,ZSH,6,0.4748414174655411
seed,0,ZSH,7,0.8037802338619253
seed,0,ZSH,8,0.9505202803142918
seed,0,ZSH,9,0.9803490627020038
seed,0,ZSH,10,0.6898650143837132
seed,0,ZSH,11,0.7099227974568574
seed,0,ZSH,12,0.9103977000479156
seed,0,ZSH,13,0.8266447368421053
seed,0,ZSH,14,0.6335577080939091
seed,0,ZSH,15,0.7561278863232682
seed,0,ZSH,16,0.7969893372360444
seed,0,ZSH,17,0.5011059722501509
seed,0,ZSH,18,0.7482940144277637
seed,0,ZSH,19,0.672242218928647
seed,0,ZSH,20,0.55841059602649
seed,0,ZSH,21,0.5897610921501707
seed,0,ZSH,22,0.15264080648696032
seed,0,ZSH,23,0.7514360313315926
seed,0,ZSH,24,0.9072107322526551
seed,0,ZSH,25,0.2597520411248866
seed,0,ZSH,26,0.5457627118644067
seed,0,ZSH,27,0.7341666666666666
seed,0,ZSH,28,0.8126721763085399
seed,0,ZSH,29,0.879472693032015
seed,0,ZSH,30,0.9162303664921466
seed,0,KMeans++ K*,0,0.9511052923107911
seed,0,KMeans++ K*,1,0.7045069057426703
seed,0,KMeans++ K*,2,0.48353104492680465
seed,0,KMeans++ K*,3,0.6169339390290625
seed,0,KMeans++ K*,4,0.9414514692787177
seed,0,KMeans++ K*,5,0.38818476270947755
seed,0,KMeans++ K*,6,0.4850464576074332
seed,0,KMeans++ K*,7,0.7407806605589344
seed,0,KMeans++ K*,8,0.49993105350248207
seed,0,KMeans++ K*,9,0.8605203497786894
seed,0,KMeans++ K*,10,0.7463018466595766
seed,0,KMeans++ K*,11,0.7983615221987315
seed,0,KMeans++ K*,12,0.6549739654699918
seed,0,KMeans++ K*,13,0.2513606575585916
seed,0,KMeans++ K*,14,0.8127885826220792
seed,0,KMeans++ K*,15,0.18408055929703035
seed,0,KMeans++ K*,16,0.7449544270833334
seed,0,KMeans++ K*,17,0.7910265788831993
seed,0,KMeans++ K*,18,0.5809446254071661
seed,0,KMeans++ K*,19,0.6865265760197775
seed,0,KMeans++ K*,20,0.5322009907997169
seed,0,KMeans++ K*,21,0.24769072870338693
seed,0,KMeans++ K*,22,0.8474877723432637
seed,0,KMeans++ K*,23,0.8790476190476191
seed,0,KMeans++ K*,24,0.7672770230360307
seed,0,KMeans++ K*,25,0.9781818181818182
seed,0,KMeans++ K*,26,0.9435840707964602
seed,0,KMeans++ K*,27,0.9494470774091627
seed,0,KMeans++ K*,28,0.11663902708678828
seed,0,KMeans++ K*,29,0.9964912280701754
seed,0,KMeans++ K*,30,1.0
seed,0,RPW K* (no refinement),0,0.8413854615727665
seed,0,RPW K* (no refinement),1,0.9955118246159158
seed,0,RPW K* (no refinement),2,0.9798200163621489
seed,0,RPW K* (no refinement),3,0.8060556464811784
seed,0,RPW K* (no refinement),4,0.9861880389819814
seed,0,RPW K* (no refinement),5,0.8946741415557112
seed,0,RPW K* (no refinement),6,0.41861933492353026
seed,0,RPW K* (no refinement),7,0.9374457935819601
seed,0,RPW K* (no refinement),8,0.952291135027183
seed,0,RPW K* (no refinement),9,0.9689178818112049
seed,0,RPW K* (no refinement),10,0.7323274325769277
seed,0,RPW K* (no refinement),11,0.8951418951418951
seed,0,RPW K* (no refinement),12,0.8092723972941759
seed,0,RPW K* (no refinement),13,0.29723502304147464
seed,0,RPW K* (no refinement),14,0.30437246198885637
seed,0,RPW K* (no refinement),15,0.7876014146037029
seed,0,RPW K* (no refinement),16,0.4759538950715421
seed,0,RPW K* (no refinement),17,0.7402065874098617
seed,0,RPW K* (no refinement),18,0.655785032200755
seed,0,RPW K* (no refinement),19,0.5883694412770809
seed,0,RPW K* (no refinement),20,0.5327545382794001
seed,0,RPW K* (no refinement),21,0.357630979498861
seed,0,RPW K* (no refinement),22,0.919931856899489
seed,0,RPW K* (no refinement),23,0.779291553133515
seed,0,RPW K* (no refinement),24,0.2596969696969697
seed,0,RPW K* (no refinement),25,0.7957413249211357
seed,0,RPW K* (no refinement),26,0.4834503510531595
seed,0,RPW K* (no refinement),27,0.8185595567867036
seed,0,RPW K* (no refinement),28,0.5700293829578844
seed,0,RPW K* (no refinement),29,0.892925430210325
seed,0,RPW K* (no refinement),30,0.78
seed,1,ZSH,0,0.9644947327350761
seed,1,ZSH,1,0.9273975962717684
seed,1,ZSH,2,0.9155005745960928
seed,1,ZSH,3,0.9218332534082345
seed,1,ZSH,4,0.9186014750068288
seed,1,ZSH,5,0.9550756264579727
seed,1,ZSH,6,0.8875981161695448
seed,1,ZSH,7,0.42894243254941566
seed,1,ZSH,8,0.9258465932272542
seed,1,ZSH,9,0.94510556621881
seed,1,ZSH,10,0.9852101712506487
seed,1,ZSH,11,0.7114823034692209
seed,1,ZSH,12,0.9692408376963351
seed,1,ZSH,13,0.5743790120011164
seed,1,ZSH,14,0.9532273152478953
seed,1,ZSH,15,0.3734902446577888
seed,1,ZSH,16,0.7657036346691519
seed,1,ZSH,17,0.3026567112345893
seed,1,ZSH,18,0.43422567645365573
seed,1,ZSH,19,0.24387742018207462
seed,1,ZSH,20,0.5335064935064935
seed,1,ZSH,21,0.5855614973262032
seed,1,ZSH,22,0.32097782831154065
seed,1,ZSH,23,0.7924921793534933
seed,1,ZSH,24,0.6763754045307443
seed,1,ZSH,25,0.8986526069127123
seed,1,ZSH,26,0.6268656716417911
seed,1,ZSH,27,0.4401268834258525
seed,1,ZSH,28,0.171349608475357
seed,1,ZSH,29,0.8440860215053764
seed,1,ZSH,30,0.7460732984293194
seed,1,KMeans++ K*,0,0.9556283052127927
seed,1,KMeans++ K*,1,0.7157680081569003
seed,1,KMeans++ K*,2,0.4890082122552116
seed,1,KMeans++ K*,3,0.5669257105592087
seed,1,KMeans++ K*,4,0.9183749257278669
seed,1,KMeans++ K*,5,0.3710994764397906
seed,1,KMeans++ K*,6,0.8955106533532511
seed,1,KMeans++ K*,7,0.4064967105263158
seed,1,KMeans++ K*,8,0.6570254592330004
seed,1,KMeans++ K*,9,0.8826575583957691
seed,1,KMeans++ K*,10,0.6193742365874284
seed,1,KMeans++ K*,11,0.8007399577167019
seed,1,KMeans++ K*,12,0.6309460181721005
seed,1,KMeans++ K*,13,0.8092493481542473
seed,1,KMeans++ K*,14,0.7734510905928007
seed,1,KMeans++ K*,15,0.41446129003319276
seed,1,KMeans++ K*,16,0.9270670826833073
seed,1,KMeans++ K*,17,0.9538731511657057
seed,1,KMeans++ K*,18,0.790893760539629
seed,1,KMeans++ K*,19,0.5999466950959488
seed,1,KMeans++ K*,20,0.9459134615384616
seed,1,KMeans++ K*,21,0.7320963541666666
seed,1,KMeans++ K*,22,0.982695810564663
seed,1,KMeans++ K*,23,0.8796778777830412
seed,1,KMeans++ K*,24,0.5242408098028769
seed,1,KMeans++ K*,25,0.648729446935725
seed,1,KMeans++ K*,26,0.9631284916201117
seed,1,KMeans++ K*,27,0.652046783625731
seed,1,KMeans++ K*,28,0.1244047619047619
seed,1,KMeans++ K*,29,0.9964912280701754
seed,1,KMeans++ K*,30,0.21883408071748878
seed,1,RPW K* (no refinement),0,0.8473155013781591
seed,1,RPW K* (no refinement),1,0.9641165654426924
seed,1,RPW K* (no refinement),2,0.9156976744186046
seed,1,RPW K* (no refinement),3,0.7877501163331783
seed,1,RPW K* (no refinement),4,0.9218225419664269
seed,1,RPW K* (no refinement),5,0.9181749880472645
seed,1,RPW K* (no refinement),6,0.60871783657701
seed,1,RPW K* (no refinement),7,0.946611484738748
seed,1,RPW K* (no refinement),8,0.8631971892841458
seed,1,RPW K* (no refinement),9,0.9470444928837031
seed,1,RPW K* (no refinement),10,0.7343383584589614
seed,1,RPW K* (no refinement),11,0.9677894048397645
seed,1,RPW K* (no refinement),12,0.57592722183345
seed,1,RPW K* (no refinement),13,0.8449585635359116
seed,1,RPW K* (no refinement),14,0.5763641349054017
seed,1,RPW K* (no refinement),15,0.7640700708162504
seed,1,RPW K* (no refinement),16,0.30708523325149073
seed,1,RPW K* (no refinement),17,0.4378433073142527
seed,1,RPW K* (no refinement),18,0.23994363310274147
seed,1,RPW K* (no refinement),19,0.5957920792079208
seed,1,RPW K* (no refinement),20,0.4691858990616282
seed,1,RPW K* (no refinement),21,0.2398856836652675
seed,1,RPW K* (no refinement),22,0.6826066572902016
seed,1,RPW K* (no refinement),23,0.6709511568123393
seed,1,RPW K* (no refinement),24,0.7911430281268701
seed,1,RPW K* (no refinement),25,0.7505226480836237
seed,1,RPW K* (no refinement),26,0.9722557297949337
seed,1,RPW K* (no refinement),27,0.17415470125057897
seed,1,RPW K* (no refinement),28,0.9293948126801153
seed,1,RPW K* (no refinement),29,0.86
seed,1,RPW K* (no refinement),30,0.9442508710801394
seed,2,ZSH,0,0.9644689870593485
seed,2,ZSH,1,0.6357731062349752
seed,2,ZSH,2,0.9066783712607198
seed,2,ZSH,3,0.9202958093672966
seed,2,ZSH,4,0.9122529099800262
seed,2,ZSH,5,0.6215670727312045
seed,2,ZSH,6,0.6967280035169252
seed,2,ZSH,7,0.8538152610441767
seed,2,ZSH,8,0.9316309719934102
seed,2,ZSH,9,0.9513297185644204
seed,2,ZSH,10,0.6227438821835899
seed,2,ZSH,11,0.6760993057016621
seed,2,ZSH,12,0.8973868706182282
seed,2,ZSH,13,0.8411246612466124
seed,2,ZSH,14,0.6674884944115713
seed,2,ZSH,15,0.8646371816963431
seed,2,ZSH,16,0.8193973258830572
seed,2,ZSH,17,0.7741793346552104
seed,2,ZSH,18,0.4353790613718412
seed,2,ZSH,19,0.18738495520922813
seed,2,ZSH,20,0.593167701863354
seed,2,ZSH,21,0.5870046763475265
seed,2,ZSH,22,0.16798395658841572
seed,2,ZSH,23,0.6446830265848671
seed,2,ZSH,24,0.8972677595628415
seed,2,ZSH,25,0.41823056300268097
seed,2,ZSH,26,0.8056872037914692
seed,2,ZSH,27,0.4880123743232792
seed,2,ZSH,28,0.817174515235457
seed,2,ZSH,29,0.8827977315689981
seed,2,ZSH,30,0.6963350785340314
seed,2,KMeans++ K*,0,0.9871904355251921
seed,2,KMeans++ K*,1,0.9918509159823121
seed,2,KMeans++ K*,2,0.9961669802773713
seed,2,KMeans++ K*,3,0.6830949803430004
seed,2,KMeans++ K*,4,0.8292790152403282
seed,2,KMeans++ K*,5,0.4933513082909492
seed,2,KMeans++ K*,6,0.77856216683475
seed,2,KMeans++ K*,7,0.3992543496271748
seed,2,KMeans++ K*,8,0.36891679748822603
seed,2,KMeans++ K*,9,0.8943700315800936
seed,2,KMeans++ K*,10,0.6675088428499242
seed,2,KMeans++ K*,11,0.9989431968295905
seed,2,KMeans++ K*,12,0.5016991391028546
seed,2,KMeans++ K*,13,0.16184245900170266
seed,2,KMeans++ K*,14,0.7157517309594461
seed,2,KMeans++ K*,15,0.4042041507081144
seed,2,KMeans++ K*,16,0.8186249789880652
seed,2,KMeans++ K*,17,0.93458177278402
seed,2,KMeans++ K*,18,0.6262487082328626
seed,2,KMeans++ K*,19,0.5288359788359789
seed,2,KMeans++ K*,20,0.9231082180634662
seed,2,KMeans++ K*,21,0.5797702616464582
seed,2,KMeans++ K*,22,0.9787234042553191
seed,2,KMeans++ K*,23,0.9942767950052029
seed,2,KMeans++ K*,24,0.7242284963887065
seed,2,KMeans++ K*,25,0.9281164695177434
seed,2,KMeans++ K*,26,0.9754189944134078
seed,2,KMeans++ K*,27,1.0
seed,2,KMeans++ K*,28,0.9752577319587629
seed,2,KMeans++ K*,29,0.9964912280701754
seed,2,KMeans++ K*,30,0.975609756097561
seed,2,RPW K* (no refinement),0,0.8264668250776823
seed,2,RPW K* (no refinement),1,0.9635776342169748
seed,2,RPW K* (no refinement),2,0.9058592958032033
seed,2,RPW K* (no refinement),3,0.7793900079663139
seed,2,RPW K* (no refinement),4,0.9217819749538082
seed,2,RPW K* (no refinement),5,0.8752840529340997
seed,2,RPW K* (no refinement),6,0.4340221454263347
seed,2,RPW K* (no refinement),7,0.9352965574450436
seed,2,RPW K* (no refinement),8,0.9497398427986272
seed,2,RPW K* (no refinement),9,0.9420178799489144
seed,2,RPW K* (no refinement),10,0.7240004689881581
seed,2,RPW K* (no refinement),11,0.8895783611774065
seed,2,RPW K* (no refinement),12,0.839851024208566
seed,2,RPW K* (no refinement),13,0.09931286235774103
seed,2,RPW K* (no refinement),14,0.2921306607275427
seed,2,RPW K* (no refinement),15,0.8245052968219069
seed,2,RPW K* (no refinement),16,0.7597359735973598
seed,2,RPW K* (no refinement),17,0.5002363321254136
seed,2,RPW K* (no refinement),18,0.6452028332260141
seed,2,RPW K* (no refinement),19,0.5887156644394952
seed,2,RPW K* (no refinement),20,0.6115965051628276
seed,2,RPW K* (no refinement),21,0.36625194401244165
seed,2,RPW K* (no refinement),22,0.9105555555555556
seed,2,RPW K* (no refinement),23,0.5060182956186808
seed,2,RPW K* (no refinement),24,0.41934404283801874
seed,2,RPW K* (no refinement),25,0.7124624624624625
seed,2,RPW K* (no refinement),26,0.8564814814814815
seed,2,RPW K* (no refinement),27,0.8231197771587744
seed,2,RPW K* (no refinement),28,0.8837876614060258
seed,2,RPW K* (no refinement),29,0.8963531669865643
seed,2,RPW K* (no refinement),30,0.9743589743589743
seed,3,ZSH,0,0.9647977684797768
seed,3,ZSH,1,0.9048780487804878
seed,3,ZSH,2,0.913445945945946
seed,3,ZSH,3,0.9227600411946447
seed,3,ZSH,4,0.9275392380557285
seed,3,ZSH,5,0.9109801488833746
seed,3,ZSH,6,0.884167548767579
seed,3,ZSH,7,0.41419606145855875
seed,3,ZSH,8,0.9119750226608924
seed,3,ZSH,9,0.9414012738853503
seed,3,ZSH,10,0.9420421984891899
seed,3,ZSH,11,0.7359794848924072
seed,3,ZSH,12,0.910517048183128
seed,3,ZSH,13,0.8636594878751908
seed,3,ZSH,14,0.7889366272824919
seed,3,ZSH,15,0.36146770443748105
seed,3,ZSH,16,0.794577685088634
seed,3,ZSH,17,0.7278717329233473
seed,3,ZSH,18,0.36777436470259706
seed,3,ZSH,19,0.26134709540823076
seed,3,ZSH,20,0.3807464724624488
seed,3,ZSH,21,0.5941503504955281
seed,3,ZSH,22,0.32871609824234665
seed,3,ZSH,23,0.44922788956481047
seed,3,ZSH,24,0.6741624598439652
seed,3,ZSH,25,0.4212794166390454
seed,3,ZSH,26,0.6212765957446809
seed,3,ZSH,27,0.4868624420401855
seed,3,ZSH,28,0.17445054945054944
seed,3,ZSH,29,0.8676470588235294
seed,3,ZSH,30,0.7015706806282722
seed,3,KMeans++ K*,0,0.9820491024551228
seed,3,KMeans++ K*,1,0.937135694139768
seed,3,KMeans++ K*,2,0.9464718509798491
seed,3,KMeans++ K*,3,0.8300683077716201
seed,3,KMeans++ K*,4,0.9651085756348914
seed,3,KMeans++ K*,5,0.7678266676560065
seed,3,KMeans++ K*,6,0.6709904067017971
seed,3,KMeans++ K*,7,0.7677655108070285
seed,3,KMeans++ K*,8,0.5433847116814021
seed,3,KMeans++ K*,9,0.9223555070883315
seed,3,KMeans++ K*,10,0.8783233276157805
seed,3,KMeans++ K*,11,0.9934019530219055
seed,3,KMeans++ K*,12,0.6812421668291324
seed,3,KMeans++ K*,13,0.24643175735950046
seed,3,KMeans++ K*,14,0.8740718290650098
seed,3,KMeans++ K*,15,0.24230740152717925
seed,3,KMeans++ K*,16,0.6440051201820509
seed,3,KMeans++ K*,17,0.8761277737137284
seed,3,KMeans++ K*,18,0.5939748953974895
seed,3,KMeans++ K*,19,0.69110337972167
seed,3,KMeans++ K*,20,0.5040413837698028
seed,3,KMeans++ K*,21,0.25627615062761505
seed,3,KMeans++ K*,22,0.3743827160493827
seed,3,KMeans++ K*,23,0.5727386411004586
seed,3,KMeans++ K*,24,0.8063337393422655
seed,3,KMeans++ K*,25,0.657331136738056
seed,3,KMeans++ K*,26,0.9200887902330743
seed,3,KMeans++ K*,27,0.7722772277227723
seed,3,KMeans++ K*,28,0.9114688128772636
seed,3,KMeans++ K*,29,0.9859154929577465
seed,3,KMeans++ K*,30,0.45640074211502785
seed,3,RPW K* (no refinement),0,0.8629921835050041
seed,3,RPW K* (no refinement),1,0.9640628482282149
seed,3,RPW K* (no refinement),2,0.913445945945946
seed,3,RPW K* (no refinement),3,0.8487546624954879
seed,3,RPW K* (no refinement),4,0.9250411861614497
seed,3,RPW K* (no refinement),5,0.9015324640408657
seed,3,RPW K* (no refinement),6,0.41497727436692877
seed,3,RPW K* (no refinement),7,0.8932694189004109
seed,3,RPW K* (no refinement),8,0.945478432231224
seed,3,RPW K* (no refinement),9,0.9414012738853503
seed,3,RPW K* (no refinement),10,0.7333036012933437
seed,3,RPW K* (no refinement),11,0.9049816966417317
seed,3,RPW K* (no refinement),12,0.8610215509927032
seed,3,RPW K* (no refinement),13,0.09737051242182371
seed,3,RPW K* (no refinement),14,0.3629562228288343
seed,3,RPW K* (no refinement),15,0.7936143572621035
seed,3,RPW K* (no refinement),16,0.7203073545554336
seed,3,RPW K* (no refinement),17,0.3666109718741298
seed,3,RPW K* (no refinement),18,0.2608293713681986
seed,3,RPW K* (no refinement),19,0.63968015992004
seed,3,RPW K* (no refinement),20,0.3937225940456958
seed,3,RPW K* (no refinement),21,0.32814134604207834
seed,3,RPW K* (no refinement),22,0.9380681818181819
seed,3,RPW K* (no refinement),23,0.35615384615384615
seed,3,RPW K* (no refinement),24,0.42813141683778233
seed,3,RPW K* (no refinement),25,0.513177159590044
seed,3,RPW K* (no refinement),26,0.7806818181818181
seed,3,RPW K* (no refinement),27,0.8648648648648649
seed,3,RPW K* (no refinement),28,0.8666666666666667
seed,3,RPW K* (no refinement),29,0.9134615384615384
seed,3,RPW K* (no refinement),30,0.9743589743589743
seed,4,ZSH,0,0.9960140950840506
seed,4,ZSH,1,0.9310939907550076
seed,4,ZSH,2,0.987140902872777
seed,4,ZSH,3,0.9896747910374377
seed,4,ZSH,4,0.9556181754138782
seed,4,ZSH,5,0.9484451105282877
seed,4,ZSH,6,0.8918407567993694
seed,4,ZSH,7,0.6789970027048761
seed,4,ZSH,8,0.9609653725078698
seed,4,ZSH,9,0.9907104540102054
seed,4,ZSH,10,0.9288979177247334
seed,4,ZSH,11,0.6982019038664943
seed,4,ZSH,12,0.9120755925688662
seed,4,ZSH,13,0.8172372679270993
seed,4,ZSH,14,0.9411764705882353
seed,4,ZSH,15,0.7152389819987586
seed,4,ZSH,16,0.9041095890410958
seed,4,ZSH,17,0.35219399538106233
seed,4,ZSH,18,0.5594698876027512
seed,4,ZSH,19,0.190771259063942
seed,4,ZSH,20,0.5275754422476587
seed,4,ZSH,21,0.8795825528498796
seed,4,ZSH,22,0.2176170072511536
seed,4,ZSH,23,0.8261530663963508
seed,4,ZSH,24,0.9533445756042721
seed,4,ZSH,25,0.2841633231059712
seed,4,ZSH,26,0.6976411722659042
seed,4,ZSH,27,0.4538087520259319
seed,4,ZSH,28,0.9488636363636364
seed,4,ZSH,29,0.9577735124760077
seed,4,ZSH,30,0.7486910994764397
seed,4,KMeans++ K*,0,0.9532565130260521
seed,4,KMeans++ K*,1,0.7220453043321516
seed,4,KMeans++ K*,2,0.4844223007063572
seed,4,KMeans++ K*,3,0.613909527972028
seed,4,KMeans++ K*,4,0.9458215823066647
seed,4,KMeans++ K*,5,0.3878053932267831
seed,4,KMeans++ K*,6,0.7690438759468343
seed,4,KMeans++ K*,7,0.7407407407407407
seed,4,KMeans++ K*,8,0.49427402862985687
seed,4,KMeans++ K*,9,0.8714764013392375
seed,4,KMeans++ K*,10,0.7516409266409266
seed,4,KMeans++ K*,11,0.797568710359408
seed,4,KMeans++ K*,12,0.5042425613757212
seed,4,KMeans++ K*,13,0.15550026657188556
seed,4,KMeans++ K*,14,0.8202357563850687
seed,4,KMeans++ K*,15,0.18628200229270156
seed,4,KMeans++ K*,16,0.7458502975258378
seed,4,KMeans++ K*,17,0.8633235004916421
seed,4,KMeans++ K*,18,0.5659296961985049
seed,4,KMeans++ K*,19,0.5516332982086407
seed,4,KMeans++ K*,20,0.602961432506887
seed,4,KMeans++ K*,21,0.5957648546144121
seed,4,KMeans++ K*,22,0.5232142857142857
seed,4,KMeans++ K*,23,0.6163334751169715
seed,4,KMeans++ K*,24,0.6708037825059102
seed,4,KMeans++ K*,25,0.9403254972875226
seed,4,KMeans++ K*,26,0.9497767857142857
seed,4,KMeans++ K*,27,0.7775947281713345
seed,4,KMeans++ K*,28,0.1858076563958917
seed,4,KMeans++ K*,29,0.9964912280701754
seed,4,KMeans++ K*,30,0.983739837398374
seed,4,RPW K* (no refinement),0,0.9676729260755883
seed,4,RPW K* (no refinement),1,0.9960140950840506
seed,4,RPW K* (no refinement),2,0.9872794419368075
seed,4,RPW K* (no refinement),3,0.9007054790004615
seed,4,RPW K* (no refinement),4,0.9898138391289076
seed,4,RPW K* (no refinement),5,0.9499542479059618
seed,4,RPW K* (no refinement),6,0.6640134365415511
seed,4,RPW K* (no refinement),7,0.9603607382550335
seed,4,RPW K* (no refinement),8,0.9415032679738562
seed,4,RPW K* (no refinement),9,0.9904487766583803
seed,4,RPW K* (no refinement),10,0.7028179019654274
seed,4,RPW K* (no refinement),11,0.9052732809745151
seed,4,RPW K* (no refinement),12,0.7952729127699371
seed,4,RPW K* (no refinement),13,0.9500542888165038
seed,4,RPW K* (no refinement),14,0.6985906955599334
seed,4,RPW K* (no refinement),15,0.74833903764848
seed,4,RPW K* (no refinement),16,0.36927038626609443
seed,4,RPW K* (no refinement),17,0.565743073047859
seed,4,RPW K* (no refinement),18,0.18923177938279712
seed,4,RPW K* (no refinement),19,0.7264516129032258
seed,4,RPW K* (no refinement),20,0.5049197307094769
seed,4,RPW K* (no refinement),21,0.22278056951423786
seed,4,RPW K* (no refinement),22,0.9445714285714286
seed,4,RPW K* (no refinement),23,0.854632587859425
seed,4,RPW K* (no refinement),24,0.3001245330012453
seed,4,RPW K* (no refinement),25,0.9266281945589447
seed,4,RPW K* (no refinement),26,0.9755799755799756
seed,4,RPW K* (no refinement),27,0.9710982658959537
seed,4,RPW K* (no refinement),28,0.9744360902255639
seed,4,RPW K* (no refinement),29,0.9901380670611439
seed,4,RPW K* (no refinement),30,0.9612676056338029
seed,5,ZSH,0,0.9643812709030101
seed,5,ZSH,1,0.9085035050289546
seed,5,ZSH,2,0.9190453590073904
seed,5,ZSH,3,0.9217785096747633
seed,5,ZSH,4,0.9341858364028077
seed,5,ZSH,5,0.9310191695655392
seed,5,ZSH,6,0.8779761904761905
seed,5,ZSH,7,0.4140366046980833
seed,5,ZSH,8,0.9218908500710083
seed,5,ZSH,9,0.9647043500911696
seed,5,ZSH,10,0.9482625482625483
seed,5,ZSH,11,0.7030744336569579
seed,5,ZSH,12,0.9083506306881686
seed,5,ZSH,13,0.8102693602693603
seed,5,ZSH,14,0.9399477806788512
seed,5,ZSH,15,0.2744643891140706
seed,5,ZSH,16,0.8336971621353443
seed,5,ZSH,17,0.31467240848969547
seed,5,ZSH,18,0.42451612903225805
seed,5,ZSH,19,0.24623115577889448
seed,5,ZSH,20,0.5178571428571429
seed,5,ZSH,21,0.6072392086330936
seed,5,ZSH,22,0.3593591047812818
seed,5,ZSH,23,0.7794421487603306
seed,5,ZSH,24,0.722168905950096
seed,5,ZSH,25,0.22868052609249045
seed,5,ZSH,26,0.5759416767922235
seed,5,ZSH,27,0.4405043341213554
seed,5,ZSH,28,0.20299022426682
seed,5,ZSH,29,0.8609022556390977
seed,5,ZSH,30,0.7460732984293194
seed,5,KMeans++ K*,0,0.9538584726253628
seed,5,KMeans++ K*,1,0.783559486309668
seed,5,KMeans++ K*,2,0.4423112884123917
seed,5,KMeans++ K*,3,0.8022526558300269
seed,5,KMeans++ K*,4,0.9699146834306241
seed,5,KMeans++ K*,5,0.7678640701373264
seed,5,KMeans++ K*,6,0.629614926558158
seed,5,KMeans++ K*,7,0.806275819636108
seed,5,KMeans++ K*,8,0.879476514152379
seed,5,KMeans++ K*,9,0.934249916842222
seed,5,KMeans++ K*,10,0.6636873830804406
seed,5,KMeans++ K*,11,0.7724630021141649
seed,5,KMeans++ K*,12,0.5179913009094503
seed,5,KMeans++ K*,13,0.2316084788029925
seed,5,KMeans++ K*,14,0.9153104755885606
seed,5,KMeans++ K*,15,0.8010858835143139
seed,5,KMeans++ K*,16,0.6128719723183391
seed,5,KMeans++ K*,17,0.9004159530217763
seed,5,KMeans++ K*,18,0.6490539093181007
seed,5,KMeans++ K*,19,0.6435452793834296
seed,5,KMeans++ K*,20,0.5498360655737705
seed,5,KMeans++ K*,21,0.2245183343691734
seed,5,KMeans++ K*,22,0.5722827998593035
seed,5,KMeans++ K*,23,0.8588235294117647
seed,5,KMeans++ K*,24,0.7469458987783595
seed,5,KMeans++ K*,25,0.9790909090909091
seed,5,KMeans++ K*,26,0.9435840707964602
seed,5,KMeans++ K*,27,0.9496062992125984
seed,5,KMeans++ K*,28,0.1264559068219634
seed,5,KMeans++ K*,29,0.9964912280701754
seed,5,KMeans++ K*,30,1.0
seed,5,RPW K* (no refinement),0,0.9739247952937435
seed,5,RPW K* (no refinement),1,0.9642737710400179
seed,5,RPW K* (no refinement),2,0.9172030625381123
seed,5,RPW K* (no refinement),3,0.9043081199126464
seed,5,RPW K* (no refinement),4,0.9215148188803512
seed,5,RPW K* (no refinement),5,0.940049313138429
seed,5,RPW K* (no refinement),6,0.9529797219516515
seed,5,RPW K* (no refinement),7,0.952212389380531
seed,5,RPW K* (no refinement),8,0.9842152067585593
seed,5,RPW K* (no refinement),9,0.9631222309095647
seed,5,RPW K* (no refinement),10,0.6742556917688266
seed,5,RPW K* (no refinement),11,0.9579887528944757
seed,5,RPW K* (no refinement),12,0.8152651131374535
seed,5,RPW K* (no refinement),13,0.9117752326413744
seed,5,RPW K* (no refinement),14,0.7244207504613492
seed,5,RPW K* (no refinement),15,0.8425796114560384
seed,5,RPW K* (no refinement),16,0.3149545664561836
seed,5,RPW K* (no refinement),17,0.47472461143805644
seed,5,RPW K* (no refinement),18,0.19783950617283952
seed,5,RPW K* (no refinement),19,0.6068607537801851
seed,5,RPW K* (no refinement),20,0.4904933196300103
seed,5,RPW K* (no refinement),21,0.9919720767888307
seed,5,RPW K* (no refinement),22,0.7290856031128404
seed,5,RPW K* (no refinement),23,0.7129724208375894
seed,5,RPW K* (no refinement),24,0.22916666666666666
seed,5,RPW K* (no refinement),25,0.6815823605706874
seed,5,RPW K* (no refinement),26,0.9404205607476636
seed,5,RPW K* (no refinement),27,0.1994269340974212
seed,5,RPW K* (no refinement),28,0.9108910891089109
seed,5,RPW K* (no refinement),29,0.8793103448275862
seed,5,RPW K* (no refinement),30,0.9375
seed,6,ZSH,0,0.9634723536945264
seed,6,ZSH,1,0.29722386296515063
seed,6,ZSH,2,0.9052055904395382
seed,6,ZSH,3,0.9204211389895399
seed,6,ZSH,4,0.876235639861074
seed,6,ZSH,5,0.4494909945184025
seed,6,ZSH,6,0.3872324339649388
seed,6,ZSH,7,0.9528631284916201
seed,6,ZSH,8,0.9268823895457374
seed,6,ZSH,9,0.9515316013958899
seed,6,ZSH,10,0.7181346135005389
seed,6,ZSH,11,0.5792636398321251
seed,6,ZSH,12,0.8890831082154775
seed,6,ZSH,13,0.8174015483002356
seed,6,ZSH,14,0.09250540781269882
seed,6,ZSH,15,0.8458833264377327
seed,6,ZSH,16,0.8500698742263925
seed,6,ZSH,17,0.3369749192183413
seed,6,ZSH,18,0.506016466117796
seed,6,ZSH,19,0.6688815060908084
seed,6,ZSH,20,0.405966539004233
seed,6,ZSH,21,0.6246556473829201
seed,6,ZSH,22,0.9587977034785545
seed,6,ZSH,23,0.39036222509702456
seed,6,ZSH,24,0.9101995565410199
seed,6,ZSH,25,0.22405611718588817
seed,6,ZSH,26,0.44360902255639095
seed,6,ZSH,27,0.7561188811188811
seed,6,ZSH,28,0.8917018284106891
seed,6,ZSH,29,0.9061302681992337
seed,6,ZSH,30,0.5497382198952879
seed,6,KMeans++ K*,0,0.9517926478745399
seed,6,KMeans++ K*,1,0.7691462744858729
seed,6,KMeans++ K*,2,0.4376596672689887
seed,6,KMeans++ K*,3,0.8790710271514659
seed,6,KMeans++ K*,4,0.9755257839982038
seed,6,KMeans++ K*,5,0.8661212931644773
seed,6,KMeans++ K*,6,0.4934166973151894
seed,6,KMeans++ K*,7,0.8483690112130479
seed,6,KMeans++ K*,8,0.9152043711253546
seed,6,KMeans++ K*,9,0.9452624480161852
seed,6,KMeans++ K*,10,0.8762236241026756
seed,6,KMeans++ K*,11,0.7719344608879493
seed,6,KMeans++ K*,12,0.7250554323725056
seed,6,KMeans++ K*,13,0.5395565633660871
seed,6,KMeans++ K*,14,0.7355102040816327
seed,6,KMeans++ K*,15,0.6563758389261745
seed,6,KMeans++ K*,16,0.8691118302768788
seed,6,KMeans++ K*,17,0.7985971943887775
seed,6,KMeans++ K*,18,0.5550310559006211
seed,6,KMeans++ K*,19,0.6695485110470701
seed,6,KMeans++ K*,20,0.9278959810874704
seed,6,KMeans++ K*,21,0.15375897242160938
seed,6,KMeans++ K*,22,0.916629314208875
seed,6,KMeans++ K*,23,0.8816287878787878
seed,6,KMeans++ K*,24,0.7657075748678802
seed,6,KMeans++ K*,25,0.980909090909091
seed,6,KMeans++ K*,26,0.9757975797579758
seed,6,KMeans++ K*,27,0.9494470774091627
seed,6,KMeans++ K*,28,0.12059471365638766
seed,6,KMeans++ K*,29,0.993006993006993
seed,6,KMeans++ K*,30,1.0
seed,6,RPW K* (no refinement),0,0.5868441702519144
seed,6,RPW K* (no refinement),1,0.9744601680103738
seed,6,RPW K* (no refinement),2,0.4476451191439059
seed,6,RPW K* (no refinement),3,0.26581296080714006
seed,6,RPW K* (no refinement),4,0.8846262142756581
seed,6,RPW K* (no refinement),5,0.8775729131746564
seed,6,RPW K* (no refinement),6,0.9509855224140938
seed,6,RPW K* (no refinement),7,0.9259220886862827
seed,6,RPW K* (no refinement),8,0.7043371522094927
seed,6,RPW K* (no refinement),9,0.7980557355800388
seed,6,RPW K* (no refinement),10,0.4967105263157895
seed,6,RPW K* (no refinement),11,0.8982969918828585
seed,6,RPW K* (no refinement),12,0.818733153638814
seed,6,RPW K* (no refinement),13,0.09731235204010584
seed,6,RPW K* (no refinement),14,0.8420292843885337
seed,6,RPW K* (no refinement),15,0.8687717859339759
seed,6,RPW K* (no refinement),16,0.3361046959199384
seed,6,RPW K* (no refinement),17,0.6010046645138142
seed,6,RPW K* (no refinement),18,0.6582608695652173
seed,6,RPW K* (no refinement),19,0.6273922065944201
seed,6,RPW K* (no refinement),20,0.41967953985209533
seed,6,RPW K* (no refinement),21,0.9571524966261808
seed,6,RPW K* (no refinement),22,0.927765237020316
seed,6,RPW K* (no refinement),23,0.46469565217391307
seed,6,RPW K* (no refinement),24,0.22456575682382135
seed,6,RPW K* (no refinement),25,0.4889155182744158
seed,6,RPW K* (no refinement),26,0.3958677685950413
seed,6,RPW K* (no refinement),27,0.900709219858156
seed,6,RPW K* (no refinement),28,0.3633916554508748
seed,6,RPW K* (no refinement),29,0.916504854368932
seed,6,RPW K* (no refinement),30,0.7692307692307693
seed,7,ZSH,0,0.9997689463955638
seed,7,ZSH,1,0.9794204911306105
seed,7,ZSH,2,0.9901920438957476
seed,7,ZSH,3,0.9954951784331667
seed,7,ZSH,4,0.9271316755558634
seed,7,ZSH,5,0.9894188127285458
seed,7,ZSH,6,0.9366338219979171
seed,7,ZSH,7,0.4078231766838656
seed,7,ZSH,8,0.9830985915492958
seed,7,ZSH,9,0.9824925431202178
seed,7,ZSH,10,0.9940944881889764
seed,7,ZSH,11,0.7331718510963794
seed,7,ZSH,12,0.9589198036006547
seed,7,ZSH,13,0.6268242848803269
seed,7,ZSH,14,0.9750855838721948
seed,7,ZSH,15,0.3161012900143335
seed,7,ZSH,16,0.7482670558190442
seed,7,ZSH,17,0.5009897426669067
seed,7,ZSH,18,0.6939890710382514
seed,7,ZSH,19,0.6832172545495394
seed,7,ZSH,20,0.7141336172478041
seed,7,ZSH,21,0.7626943005181347
seed,7,ZSH,22,0.3525161933233682
seed,7,ZSH,23,0.8491048593350383
seed,7,ZSH,24,0.9477821448624368
seed,7,ZSH,25,0.21414038657171922
seed,7,ZSH,26,0.6962750716332379
seed,7,ZSH,27,0.45417680454176806
seed,7,ZSH,28,0.9714285714285714
seed,7,ZSH,29,0.9709302325581395
seed,7,ZSH,30,0.7513089005235603
seed,7,KMeans++ K*,0,0.9871608405637193
seed,7,KMeans++ K*,1,0.9830795262267343
seed,7,KMeans++ K*,2,0.9927752691906913
seed,7,KMeans++ K*,3,0.7506648543230305
seed,7,KMeans++ K*,4,0.8266598345655516
seed,7,KMeans++ K*,5,0.5410040536326786
seed,7,KMeans++ K*,6,0.7359248417182926
seed,7,KMeans++ K*,7,0.9403833188866416
seed,7,KMeans++ K*,8,0.37251476582647036
seed,7,KMeans++ K*,9,0.9028808380619817
seed,7,KMeans++ K*,10,0.8968806104129264
seed,7,KMeans++ K*,11,0.9988121948000528
seed,7,KMeans++ K*,12,0.5930121468541013
seed,7,KMeans++ K*,13,0.25096359743040686
seed,7,KMeans++ K*,14,0.764860254559769
seed,7,KMeans++ K*,15,0.84407516695139
seed,7,KMeans++ K*,16,0.7655707913431357
seed,7,KMeans++ K*,17,0.8583815028901735
seed,7,KMeans++ K*,18,0.6296940194714882
seed,7,KMeans++ K*,19,0.6749512670565302
seed,7,KMeans++ K*,20,0.506969205834684
seed,7,KMeans++ K*,21,0.2309656823623304
seed,7,KMeans++ K*,22,0.3802773497688752
seed,7,KMeans++ K*,23,0.5177832919768404
seed,7,KMeans++ K*,24,0.8971774193548387
seed,7,KMeans++ K*,25,0.9862763037511436
seed,7,KMeans++ K*,26,0.9501661129568106
seed,7,KMeans++ K*,27,0.8874172185430463
seed,7,KMeans++ K*,28,0.926829268292683
seed,7,KMeans++ K*,29,0.9964788732394366
seed,7,KMeans++ K*,30,1.0
seed,7,RPW K* (no refinement),0,0.9758290946083418
seed,7,RPW K* (no refinement),1,0.9993646025878004
seed,7,RPW K* (no refinement),2,0.827490525175961
seed,7,RPW K* (no refinement),3,0.9476582194507098
seed,7,RPW K* (no refinement),4,0.9779473536824419
seed,7,RPW K* (no refinement),5,0.8759641873278237
seed,7,RPW K* (no refinement),6,0.40640891675374435
seed,7,RPW K* (no refinement),7,0.9831004224894377
seed,7,RPW K* (no refinement),8,0.9906720611373342
seed,7,RPW K* (no refinement),9,0.961318795430945
seed,7,RPW K* (no refinement),10,0.78161652218256
seed,7,RPW K* (no refinement),11,0.94189453125
seed,7,RPW K* (no refinement),12,0.6114228168608833
seed,7,RPW K* (no refinement),13,0.9777777777777777
seed,7,RPW K* (no refinement),14,0.31802965088474416
seed,7,RPW K* (no refinement),15,0.7083790706183681
seed,7,RPW K* (no refinement),16,0.5145265423242468
seed,7,RPW K* (no refinement),17,0.668859649122807
seed,7,RPW K* (no refinement),18,0.7053710719857366
seed,7,RPW K* (no refinement),19,0.7272026714615978
seed,7,RPW K* (no refinement),20,0.6981283422459893
seed,7,RPW K* (no refinement),21,0.35190944147282
seed,7,RPW K* (no refinement),22,0.9550113895216401
seed,7,RPW K* (no refinement),23,0.9293924466338259
seed,7,RPW K* (no refinement),24,0.2314071696094168
seed,7,RPW K* (no refinement),25,0.9790619765494137
seed,7,RPW K* (no refinement),26,0.9841269841269841
seed,7,RPW K* (no refinement),27,0.987012987012987
seed,7,RPW K* (no refinement),28,0.9626865671641791
seed,7,RPW K* (no refinement),29,0.998019801980198
seed,7,RPW K* (no refinement),30,0.9512195121951219
seed,8,ZSH,0,0.977515394610474
seed,8,ZSH,1,0.9066820978254249
seed,8,ZSH,2,0.9675040961223376
seed,8,ZSH,3,0.9589625279642058
seed,8,ZSH,4,0.9465046441790628
seed,8,ZSH,5,0.9283233577181704
seed,8,ZSH,6,0.878405887879737
seed,8,ZSH,7,0.4098975616794113
seed,8,ZSH,8,0.9237572430619091
seed,8,ZSH,9,0.9702487817389074
seed,8,ZSH,10,0.9458279845956354
seed,8,ZSH,11,0.7071295433364398
seed,8,ZSH,12,0.9176527022705468
seed,8,ZSH,13,0.8403604216252976
seed,8,ZSH,14,0.947743023038022
seed,8,ZSH,15,0.36235672632213956
seed,8,ZSH,16,0.8317587939698492
seed,8,ZSH,17,0.7514792899408284
seed,8,ZSH,18,0.46553585196607555
seed,8,ZSH,19,0.25851266684827023
seed,8,ZSH,20,0.6932103939647947
seed,8,ZSH,21,0.6050256160039034
seed,8,ZSH,22,0.3305988515176374
seed,8,ZSH,23,0.7832681017612525
seed,8,ZSH,24,0.7219837863614688
seed,8,ZSH,25,0.4234264557388085
seed,8,ZSH,26,0.5209988649262202
seed,8,ZSH,27,0.43784206411258797
seed,8,ZSH,28,0.19146608315098468
seed,8,ZSH,29,0.8576709796672828
seed,8,ZSH,30,0.7146596858638743
seed,8,KMeans++ K*,0,0.9806084416238542
seed,8,KMeans++ K*,1,0.9314793937116372
seed,8,KMeans++ K*,2,0.9763309549945115
seed,8,KMeans++ K*,3,0.6190397714787959
seed,8,KMeans++ K*,4,0.9413949342642799
seed,8,KMeans++ K*,5,0.38928445541064505
seed,8,KMeans++ K*,6,0.5295901760615476
seed,8,KMeans++ K*,7,0.7383479464697739
seed,8,KMeans++ K*,8,0.5063247150403114
seed,8,KMeans++ K*,9,0.8612854360528024
seed,8,KMeans++ K*,10,0.7468783273642435
seed,8,KMeans++ K*,11,0.9910948140387638
seed,8,KMeans++ K*,12,0.6728059160039068
seed,8,KMeans++ K*,13,0.25261075079696604
seed,8,KMeans++ K*,14,0.8131714803962606
seed,8,KMeans++ K*,15,0.17753716043054843
seed,8,KMeans++ K*,16,0.7331397224911261
seed,8,KMeans++ K*,17,0.7975024485798237
seed,8,KMeans++ K*,18,0.5878400524418224
seed,8,KMeans++ K*,19,0.6658366533864541
seed,8,KMeans++ K*,20,0.5215243472124206
seed,8,KMeans++ K*,21,0.22856669976828864
seed,8,KMeans++ K*,22,0.8739837398373984
seed,8,KMeans++ K*,23,0.9812597605413846
seed,8,KMeans++ K*,24,0.7560553633217993
seed,8,KMeans++ K*,25,0.6430317848410758
seed,8,KMeans++ K*,26,0.9543429844097996
seed,8,KMeans++ K*,27,0.988391376451078
seed,8,KMeans++ K*,28,0.8643724696356275
seed,8,KMeans++ K*,29,1.0
seed,8,KMeans++ K*,30,0.45387453874538747
seed,8,RPW K* (no refinement),0,0.9562921215465259
seed,8,RPW K* (no refinement),1,0.977515394610474
seed,8,RPW K* (no refinement),2,0.9672992900054614
seed,8,RPW K* (no refinement),3,0.8971014492753623
seed,8,RPW K* (no refinement),4,0.9589625279642058
seed,8,RPW K* (no refinement),5,0.9467654044990917
seed,8,RPW K* (no refinement),6,0.41063568800057726
seed,8,RPW K* (no refinement),7,0.9276054905948145
seed,8,RPW K* (no refinement),8,0.9367473147444939
seed,8,RPW K* (no refinement),9,0.9702487817389074
seed,8,RPW K* (no refinement),10,0.7105109318367824
seed,8,RPW K* (no refinement),11,0.9176
seed,8,RPW K* (no refinement),12,0.8361966320802857
seed,8,RPW K* (no refinement),13,0.9519177830794642
seed,8,RPW K* (no refinement),14,0.3642037447151198
seed,8,RPW K* (no refinement),15,0.8296415626258559
seed,8,RPW K* (no refinement),16,0.7498903989478299
seed,8,RPW K* (no refinement),17,0.46292307692307694
seed,8,RPW K* (no refinement),18,0.2593349686563096
seed,8,RPW K* (no refinement),19,0.6358223765814934
seed,8,RPW K* (no refinement),20,0.713593616414933
seed,8,RPW K* (no refinement),21,0.3300948144679855
seed,8,RPW K* (no refinement),22,0.9241223103057757
seed,8,RPW K* (no refinement),23,0.9167561761546724
seed,8,RPW K* (no refinement),24,0.4328254847645429
seed,8,RPW K* (no refinement),25,0.9084507042253521
seed,8,RPW K* (no refinement),26,0.9781021897810219
seed,8,RPW K* (no refinement),27,0.8059701492537313
seed,8,RPW K* (no refinement),28,0.946685878962536
seed,8,RPW K* (no refinement),29,0.8950381679389313
seed,8,RPW K* (no refinement),30,0.9817518248175182
seed,9,ZSH,0,0.9767967029865071
seed,9,ZSH,1,0.27920746101157073
seed,9,ZSH,2,0.977404600996655
seed,9,ZSH,3,0.9596594081518705
seed,9,ZSH,4,0.9140609239459351
seed,9,ZSH,5,0.4317103264996203
seed,9,ZSH,6,0.6080155286595113
seed,9,ZSH,7,0.9726282221631677
seed,9,ZSH,8,0.9501304121022431
seed,9,ZSH,9,0.982635739276921
seed,9,ZSH,10,0.8802751224061552
seed,9,ZSH,11,0.8083645443196005
seed,9,ZSH,12,0.9291027061243867
seed,9,ZSH,13,0.546165683508592
seed,9,ZSH,14,0.1404545832986429
seed,9,ZSH,15,0.912118018967334
seed,9,ZSH,16,0.7434149935531406
seed,9,ZSH,17,0.2782958199356913
seed,9,ZSH,18,0.8981941309255079
seed,9,ZSH,19,0.9446494464944649
seed,9,ZSH,20,0.5498553012365167
seed,9,ZSH,21,0.6154394299287411
seed,9,ZSH,22,0.9810213940648723
seed,9,ZSH,23,0.8108957569408067
seed,9,ZSH,24,0.9202247191011236
seed,9,ZSH,25,0.25067024128686327
seed,9,ZSH,26,0.7680060652009097
seed,9,ZSH,27,0.44285714285714284
seed,9,ZSH,28,0.8657342657342657
seed,9,ZSH,29,0.8909774436090225
seed,9,ZSH,30,0.7356020942408377
seed,9,KMeans++ K*,0,0.9520898065550767
seed,9,KMeans++ K*,1,0.7093837954368525
seed,9,KMeans++ K*,2,0.4882501579279848
seed,9,KMeans++ K*,3,0.621016797812378
seed,9,KMeans++ K*,4,0.9257765830346476
seed,9,KMeans++ K*,5,0.3780247608328644
seed,9,KMeans++ K*,6,0.7863929788931602
seed,9,KMeans++ K*,7,0.8065903741579418
seed,9,KMeans++ K*,8,0.6246608140462889
seed,9,KMeans++ K*,9,0.8725125738027553
seed,9,KMeans++ K*,10,0.8366092127809697
seed,9,KMeans++ K*,11,0.8007399577167019
seed,9,KMeans++ K*,12,0.46758143919555883
seed,9,KMeans++ K*,13,0.3154692253685935
seed,9,KMeans++ K*,14,0.5529736569653745
seed,9,KMeans++ K*,15,0.5324016988628579
seed,9,KMeans++ K*,16,0.7461977186311787
seed,9,KMeans++ K*,17,0.7791883926547268
seed,9,KMeans++ K*,18,0.2336910477266309
seed,9,KMeans++ K*,19,0.531176192725555
seed,9,KMeans++ K*,20,0.5041586692258477
seed,9,KMeans++ K*,21,0.17405788049135956
seed,9,KMeans++ K*,22,0.4013928458372903
seed,9,KMeans++ K*,23,0.5688796680497925
seed,9,KMeans++ K*,24,0.7735399284862932
seed,9,KMeans++ K*,25,0.9827586206896551
seed,9,KMeans++ K*,26,0.9493392070484582
seed,9,KMeans++ K*,27,0.8896210873146623
seed,9,KMeans++ K*,28,0.2212962962962963
seed,9,KMeans++ K*,29,0.993006993006993
seed,9,KMeans++ K*,30,1.0
seed,9,RPW K* (no refinement),0,0.7895733216834134
seed,9,RPW K* (no refinement),1,0.9770738042803094
seed,9,RPW K* (no refinement),2,0.9794173960612691
seed,9,RPW K* (no refinement),3,0.7097034605241914
seed,9,RPW K* (no refinement),4,0.96094459582198
seed,9,RPW K* (no refinement),5,0.8923025879230259
seed,9,RPW K* (no refinement),6,0.9951135643833138
seed,9,RPW K* (no refinement),7,0.9333610130786797
seed,9,RPW K* (no refinement),8,0.953808572063069
seed,9,RPW K* (no refinement),9,0.9837556855100714
seed,9,RPW K* (no refinement),10,0.8139804325437693
seed,9,RPW K* (no refinement),11,0.9567971414649992
seed,9,RPW K* (no refinement),12,0.5733389051399916
seed,9,RPW K* (no refinement),13,0.09874366321357725
seed,9,RPW K* (no refinement),14,0.9783354783354783
seed,9,RPW K* (no refinement),15,0.8049904030710173
seed,9,RPW K* (no refinement),16,0.27601734489659774
seed,9,RPW K* (no refinement),17,0.6419132700539736
seed,9,RPW K* (no refinement),18,0.6650655021834061
seed,9,RPW K* (no refinement),19,0.6229308666017527
seed,9,RPW K* (no refinement),20,0.512252346193952
seed,9,RPW K* (no refinement),21,0.9929627023223082
seed,9,RPW K* (no refinement),22,0.9303255282695603
seed,9,RPW K* (no refinement),23,0.7173469387755103
seed,9,RPW K* (no refinement),24,0.40591032608695654
seed,9,RPW K* (no refinement),25,0.8236677115987461
seed,9,RPW K* (no refinement),26,0.9452554744525548
seed,9,RPW K* (no refinement),27,0.8744710860366713
seed,9,RPW K* (no refinement),28,0.945985401459854
seed,9,RPW K* (no refinement),29,0.9118773946360154
seed,9,RPW K* (no refinement),30,0.9575971731448764
bootstrap,0,ZSH,0,0.9674551249790304
bootstrap,0,ZSH,1,0.9325960061443932
bootstrap,0,ZSH,2,0.965804951443031
bootstrap,0,ZSH,3,0.9415322580645161
bootstrap,0,ZSH,4,0.9522328999434709
bootstrap,0,ZSH,5,0.9561602418745276
bootstrap,0,ZSH,6,0.8886706473915776
bootstrap,0,ZSH,7,0.9541991417812418
bootstrap,0,ZSH,8,0.949697979587586
bootstrap,0,ZSH,9,0.984269370774831
bootstrap,0,ZSH,10,0.9867118290776447
bootstrap,0,ZSH,11,0.6786466869585577
bootstrap,0,ZSH,12,0.9629384513567174
bootstrap,0,ZSH,13,0.8521872863978127
bootstrap,0,ZSH,14,0.9375698844576966
bootstrap,0,ZSH,15,0.8670951689819615
bootstrap,0,ZSH,16,0.8338411537680276
bootstrap,0,ZSH,17,0.762217839140916
bootstrap,0,ZSH,18,0.5275049115913556
bootstrap,0,ZSH,19,0.19442730824593873
bootstrap,0,ZSH,20,0.803879883072017
bootstrap,0,ZSH,21,0.5903614457831325
bootstrap,0,ZSH,22,0.9539805172992946
bootstrap,0,ZSH,23,0.7006928406466513
bootstrap,0,ZSH,24,0.7475633528265108
bootstrap,0,ZSH,25,0.4195827725437416
bootstrap,0,ZSH,26,0.3608405945668888
bootstrap,0,ZSH,27,0.7551695616211745
bootstrap,0,ZSH,28,0.2226007950028393
bootstrap,0,ZSH,29,0.827027027027027
bootstrap,0,ZSH,30,0.9162303664921466
bootstrap,0,KMeans++ K*,0,0.980214469113427
bootstrap,0,KMeans++ K*,1,0.9270859433725883
bootstrap,0,KMeans++ K*,2,0.9331501202335967
bootstrap,0,KMeans++ K*,3,0.6877457036953836
bootstrap,0,KMeans++ K*,4,0.9594265021062744
bootstrap,0,KMeans++ K*,5,0.40769471053727613
bootstrap,0,KMeans++ K*,6,0.4739322953863734
bootstrap,0,KMeans++ K*,7,0.6641270293363714
bootstrap,0,KMeans++ K*,8,0.33875126106938686
bootstrap,0,KMeans++ K*,9,0.8833101381008457
bootstrap,0,KMeans++ K*,10,0.7437011294526499
bootstrap,0,KMeans++ K*,11,0.9880812049770792
bootstrap,0,KMeans++ K*,12,0.6153106102253986
bootstrap,0,KMeans++ K*,13,0.24269070125302264
bootstrap,0,KMeans++ K*,14,0.5485905398948877
bootstrap,0,KMeans++ K*,15,0.24099305646534783
bootstrap,0,KMeans++ K*,16,0.751198545214085
bootstrap,0,KMeans++ K*,17,0.7955828220858896
bootstrap,0,KMeans++ K*,18,0.6077966101694915
bootstrap,0,KMeans++ K*,19,0.6927891837756635
bootstrap,0,KMeans++ K*,20,0.5506623702112424
bootstrap,0,KMeans++ K*,21,0.24516129032258063
bootstrap,0,KMeans++ K*,22,0.8727436823104693
bootstrap,0,KMeans++ K*,23,0.98226395409494
bootstrap,0,KMeans++ K*,24,0.9101876675603218
bootstrap,0,KMeans++ K*,25,0.9872029250457038
bootstrap,0,KMeans++ K*,26,0.926829268292683
bootstrap,0,KMeans++ K*,27,0.9933665008291874
bootstrap,0,KMeans++ K*,28,0.9358178053830227
bootstrap,0,KMeans++ K*,29,0.9788732394366197
bootstrap,0,KMeans++ K*,30,0.9959349593495935
bootstrap,0,RPW K* (no refinement),0,0.9861278648974668
bootstrap,0,RPW K* (no refinement),1,0.9944252873563219
bootstrap,0,RPW K* (no refinement),2,0.8572010316275281
bootstrap,0,RPW K* (no refinement),3,0.9312320916905444
bootstrap,0,RPW K* (no refinement),4,0.965901959417056
bootstrap,0,RPW K* (no refinement),5,0.9090589146195538
bootstrap,0,RPW K* (no refinement),6,0.9532522104525957
bootstrap,0,RPW K* (no refinement),7,0.9529767490355542
bootstrap,0,RPW K* (no refinement),8,0.9865090868547218
bootstrap,0,RPW K* (no refinement),9,0.9727509778357236
bootstrap,0,RPW K* (no refinement),10,0.6916325336454067
bootstrap,0,RPW K* (no refinement),11,0.9462009601059427
bootstrap,0,RPW K* (no refinement),12,0.8677076183939602
bootstrap,0,RPW K* (no refinement),13,0.9290123456790124
bootstrap,0,RPW K* (no refinement),14,0.8621331128565523
bootstrap,0,RPW K* (no refinement),15,0.8260869565217391
bootstrap,0,RPW K* (no refinement),16,0.8351477449455676
bootstrap,0,RPW K* (no refinement),17,0.45827326605798496
bootstrap,0,RPW K* (no refinement),18,0.20283147291042744
bootstrap,0,RPW K* (no refinement),19,0.5747674695921774
bootstrap,0,RPW K* (no refinement),20,0.8232583355923014
bootstrap,0,RPW K* (no refinement),21,0.9536912751677852
bootstrap,0,RPW K* (no refinement),22,0.7591493570722058
bootstrap,0,RPW K* (no refinement),23,0.8356304236855538
bootstrap,0,RPW K* (no refinement),24,0.4207650273224044
bootstrap,0,RPW K* (no refinement),25,0.5326778484673221
bootstrap,0,RPW K* (no refinement),26,0.40855323020928114
bootstrap,0,RPW K* (no refinement),27,0.21882086167800455
bootstrap,0,RPW K* (no refinement),28,0.5475070555032926
bootstrap,0,RPW K* (no refinement),29,0.8406593406593407
bootstrap,0,RPW K* (no refinement),30,0.78
bootstrap,1,ZSH,0,0.9614657473309609
bootstrap,1,ZSH,1,0.9294973706738413
bootstrap,1,ZSH,2,0.9174849972722313
bootstrap,1,ZSH,3,0.914291572688128
bootstrap,1,ZSH,4,0.9217037700737474
bootstrap,1,ZSH,5,0.9130233634050428
bootstrap,1,ZSH,6,0.928682532275626
bootstrap,1,ZSH,7,0.9782086631681935
bootstrap,1,ZSH,8,0.9360650674353959
bootstrap,1,ZSH,9,0.9649550706033376
bootstrap,1,ZSH,10,0.9796801258521237
bootstrap,1,ZSH,11,0.7178625246319694
bootstrap,1,ZSH,12,0.9741436100131752
bootstrap,1,ZSH,13,0.7021943573667712
bootstrap,1,ZSH,14,0.8152114721365039
bootstrap,1,ZSH,15,0.8902236951118475
bootstrap,1,ZSH,16,0.7693341009403185
bootstrap,1,ZSH,17,0.4034600946629672
bootstrap,1,ZSH,18,0.4761618288464431
bootstrap,1,ZSH,19,0.18887578616352202
bootstrap,1,ZSH,20,0.5750065910888479
bootstrap,1,ZSH,21,0.5967704728950404
bootstrap,1,ZSH,22,0.9867963863794301
bootstrap,1,ZSH,23,0.7727034120734908
bootstrap,1,ZSH,24,0.7565982404692082
bootstrap,1,ZSH,25,0.25260257195345986
bootstrap,1,ZSH,26,0.3931240657698057
bootstrap,1,ZSH,27,0.7642418930762489
bootstrap,1,ZSH,28,0.26527958387516254
bootstrap,1,ZSH,29,0.8897196261682243
bootstrap,1,ZSH,30,0.4738219895287958
bootstrap,1,KMeans++ K*,0,0.9779632220667599
bootstrap,1,KMeans++ K*,1,0.9389341692789969
bootstrap,1,KMeans++ K*,2,0.945262572936927
bootstrap,1,KMeans++ K*,3,0.598017218888599
bootstrap,1,KMeans++ K*,4,0.9477085345019683
bootstrap,1,KMeans++ K*,5,0.2644501531469222
bootstrap,1,KMeans++ K*,6,0.6696453701097664
bootstrap,1,KMeans++ K*,7,0.860509904622157
bootstrap,1,KMeans++ K*,8,0.5019408379065721
bootstrap,1,KMeans++ K*,9,0.886778278600558
bootstrap,1,KMeans++ K*,10,0.5840634510744259
bootstrap,1,KMeans++ K*,11,0.9879533848369779
bootstrap,1,KMeans++ K*,12,0.4766110565914295
bootstrap,1,KMeans++ K*,13,0.18388134381701216
bootstrap,1,KMeans++ K*,14,0.7737874370527432
bootstrap,1,KMeans++ K*,15,0.6875677139761647
bootstrap,1,KMeans++ K*,16,0.6485349782700126
bootstrap,1,KMeans++ K*,17,0.8541011371884829
bootstrap,1,KMeans++ K*,18,0.6123965546360413
bootstrap,1,KMeans++ K*,19,0.41509433962264153
bootstrap,1,KMeans++ K*,20,0.5544388609715243
bootstrap,1,KMeans++ K*,21,0.7838150289017342
bootstrap,1,KMeans++ K*,22,0.4538512616201859
bootstrap,1,KMeans++ K*,23,0.6136363636363636
bootstrap,1,KMeans++ K*,24,0.4559697460831983
bootstrap,1,KMeans++ K*,25,0.6417910447761194
bootstrap,1,KMeans++ K*,26,0.9309576837416481
bootstrap,1,KMeans++ K*,27,0.7673267326732673
bootstrap,1,KMeans++ K*,28,0.18521983161833488
bootstrap,1,KMeans++ K*,29,0.9894736842105263
bootstrap,1,KMeans++ K*,30,0.2222222222222222
bootstrap,1,RPW K* (no refinement),0,0.8858838089691322
bootstrap,1,RPW K* (no refinement),1,0.9607908474952793
bootstrap,1,RPW K* (no refinement),2,0.9097099278224159
bootstrap,1,RPW K* (no refinement),3,0.9003062691418213
bootstrap,1,RPW K* (no refinement),4,0.9181382614647502
bootstrap,1,RPW K* (no refinement),5,0.8922232759788646
bootstrap,1,RPW K* (no refinement),6,0.9773272872766071
bootstrap,1,RPW K* (no refinement),7,0.9129825965193039
bootstrap,1,RPW K* (no refinement),8,0.9731123792800702
bootstrap,1,RPW K* (no refinement),9,0.9613316261203585
bootstrap,1,RPW K* (no refinement),10,0.7111240535818287
bootstrap,1,RPW K* (no refinement),11,0.9502143092647544
bootstrap,1,RPW K* (no refinement),12,0.8746803069053708
bootstrap,1,RPW K* (no refinement),13,0.09857967005161769
bootstrap,1,RPW K* (no refinement),14,0.8878099173553718
bootstrap,1,RPW K* (no refinement),15,0.7882892269222754
bootstrap,1,RPW K* (no refinement),16,0.7863777089783281
bootstrap,1,RPW K* (no refinement),17,0.39232743867655445
bootstrap,1,RPW K* (no refinement),18,0.19072676727561558
bootstrap,1,RPW K* (no refinement),19,0.654029625910118
bootstrap,1,RPW K* (no refinement),20,0.4400990099009901
bootstrap,1,RPW K* (no refinement),21,0.9871483153872872
bootstrap,1,RPW K* (no refinement),22,0.7537018756169793
bootstrap,1,RPW K* (no refinement),23,0.8410666666666666
bootstrap,1,RPW K* (no refinement),24,0.4299965600275198
bootstrap,1,RPW K* (no refinement),25,0.5181872391174717
bootstrap,1,RPW K* (no refinement),26,0.3746958637469586
bootstrap,1,RPW K* (no refinement),27,0.23030667468430546
bootstrap,1,RPW K* (no refinement),28,0.3698752228163993
bootstrap,1,RPW K* (no refinement),29,0.8745387453874539
bootstrap,1,RPW K* (no refinement),30,0.663003663003663
bootstrap,2,ZSH,0,0.9950492199643083
bootstrap,2,ZSH,1,0.2965169190038885
bootstrap,2,ZSH,2,0.9775815217391305
bootstrap,2,ZSH,3,0.9838607371907816
bootstrap,2,ZSH,4,0.9181731684110371
bootstrap,2,ZSH,5,0.42989949748743717
bootstrap,2,ZSH,6,0.6715103749769102
bootstrap,2,ZSH,7,0.9923118668596237
bootstrap,2,ZSH,8,0.9559855411439506
bootstrap,2,ZSH,9,0.9768934531450578
bootstrap,2,ZSH,10,0.8785976548620159
bootstrap,2,ZSH,11,0.8185949876639398
bootstrap,2,ZSH,12,0.9447872685936992
bootstrap,2,ZSH,13,0.5896987627756859
bootstrap,2,ZSH,14,0.77729494839761
bootstrap,2,ZSH,15,0.9576832656550545
bootstrap,2,ZSH,16,0.7848150300213055
bootstrap,2,ZSH,17,0.2878639188747138
bootstrap,2,ZSH,18,0.7214874448917002
bootstrap,2,ZSH,19,0.694560669456067
bootstrap,2,ZSH,20,0.5574894514767933
bootstrap,2,ZSH,21,0.5862841774988794
bootstrap,2,ZSH,22,0.9919184820801125
bootstrap,2,ZSH,23,0.7878315132605305
bootstrap,2,ZSH,24,0.8885793871866295
bootstrap,2,ZSH,25,0.18690058479532165
bootstrap,2,ZSH,26,0.7099073414112615
bootstrap,2,ZSH,27,0.4378698224852071
bootstrap,2,ZSH,28,0.7513368983957219
bootstrap,2,ZSH,29,0.8526119402985075
bootstrap,2,ZSH,30,0.7015706806282722
bootstrap,2,KMeans++ K*,0,0.9543817527010804
bootstrap,2,KMeans++ K*,1,0.7127633809639138
bootstrap,2,KMeans++ K*,2,0.4363091147622915
bootstrap,2,KMeans++ K*,3,0.819506298511261
bootstrap,2,KMeans++ K*,4,0.9546843177189409
bootstrap,2,KMeans++ K*,5,0.7572751322751323
bootstrap,2,KMeans++ K*,6,0.6557043455428646
bootstrap,2,KMeans++ K*,7,0.7684063373718546
bootstrap,2,KMeans++ K*,8,0.537109375
bootstrap,2,KMeans++ K*,9,0.8807349192863212
bootstrap,2,KMeans++ K*,10,0.8785966413520162
bootstrap,2,KMeans++ K*,11,0.7764270613107822
bootstrap,2,KMeans++ K*,12,0.5887700534759358
bootstrap,2,KMeans++ K*,13,0.2391606894336795
bootstrap,2,KMeans++ K*,14,0.8771186440677966
bootstrap,2,KMeans++ K*,15,0.24352842936309116
bootstrap,2,KMeans++ K*,16,0.6411125229422561
bootstrap,2,KMeans++ K*,17,0.6084771684509505
bootstrap,2,KMeans++ K*,18,0.6079214511565985
bootstrap,2,KMeans++ K*,19,0.6771904062652961
bootstrap,2,KMeans++ K*,20,0.6865348980852378
bootstrap,2,KMeans++ K*,21,0.25152263374485595
bootstrap,2,KMeans++ K*,22,0.24497635933806147
bootstrap,2,KMeans++ K*,23,0.43271672107363074
bootstrap,2,KMeans++ K*,24,0.9028995279838166
bootstrap,2,KMeans++ K*,25,0.9917808219178083
bootstrap,2,KMeans++ K*,26,0.9290465631929047
bootstrap,2,KMeans++ K*,27,0.9039735099337748
bootstrap,2,KMeans++ K*,28,0.9136546184738956
bootstrap,2,KMeans++ K*,29,0.9964788732394366
bootstrap,2,KMeans++ K*,30,0.9919354838709677
bootstrap,2,RPW K* (no refinement),0,0.8011075891718585
bootstrap,2,RPW K* (no refinement),1,0.9948237188704204
bootstrap,2,RPW K* (no refinement),2,0.9770114942528736
bootstrap,2,RPW K* (no refinement),3,0.7289305076392312
bootstrap,2,RPW K* (no refinement),4,0.9852837628503027
bootstrap,2,RPW K* (no refinement),5,0.8830158834772293
bootstrap,2,RPW K* (no refinement),6,0.9914073806078147
bootstrap,2,RPW K* (no refinement),7,0.930477963997517
bootstrap,2,RPW K* (no refinement),8,0.9568879530089771
bootstrap,2,RPW K* (no refinement),9,0.9794026776519053
bootstrap,2,RPW K* (no refinement),10,0.8104541337818605
bootstrap,2,RPW K* (no refinement),11,0.9463994786575431
bootstrap,2,RPW K* (no refinement),12,0.5769230769230769
bootstrap,2,RPW K* (no refinement),13,0.09830101502528468
bootstrap,2,RPW K* (no refinement),14,0.9569296375266525
bootstrap,2,RPW K* (no refinement),15,0.803030303030303
bootstrap,2,RPW K* (no refinement),16,0.28977369406159603
bootstrap,2,RPW K* (no refinement),17,0.6281158357771262
bootstrap,2,RPW K* (no refinement),18,0.6588286522969736
bootstrap,2,RPW K* (no refinement),19,0.5582580495714616
bootstrap,2,RPW K* (no refinement),20,0.5129479466387654
bootstrap,2,RPW K* (no refinement),21,0.9919099542736546
bootstrap,2,RPW K* (no refinement),22,0.9002832861189801
bootstrap,2,RPW K* (no refinement),23,0.7306101344364012
bootstrap,2,RPW K* (no refinement),24,0.41494490358126723
bootstrap,2,RPW K* (no refinement),25,0.8337164750957854
bootstrap,2,RPW K* (no refinement),26,0.961352657004831
bootstrap,2,RPW K* (no refinement),27,0.7608108108108108
bootstrap,2,RPW K* (no refinement),28,0.9357142857142857
bootstrap,2,RPW K* (no refinement),29,0.8761904761904762
bootstrap,2,RPW K* (no refinement),30,0.9781021897810219
bootstrap,3,ZSH,0,0.9755836246757641
bootstrap,3,ZSH,1,0.9366979269496545
bootstrap,3,ZSH,2,0.9717276063612885
bootstrap,3,ZSH,3,0.9567711247901511
bootstrap,3,ZSH,4,0.9758976182012087
bootstrap,3,ZSH,5,0.954931071049841
bootstrap,3,ZSH,6,0.9125269117295272
bootstrap,3,ZSH,7,0.4659803990693083
bootstrap,3,ZSH,8,0.9858622922512411
bootstrap,3,ZSH,9,0.9647985766933537
bootstrap,3,ZSH,10,0.991764705882353
bootstrap,3,ZSH,11,0.7224185811663721
bootstrap,3,ZSH,12,0.9727272727272728
bootstrap,3,ZSH,13,0.8987212276214833
bootstrap,3,ZSH,14,0.95275888133031
bootstrap,3,ZSH,15,0.28053452115812916
bootstrap,3,ZSH,16,0.8225738396624472
bootstrap,3,ZSH,17,0.775212372032237
bootstrap,3,ZSH,18,0.9001358695652174
bootstrap,3,ZSH,19,0.870259019426457
bootstrap,3,ZSH,20,0.44881370826010547
bootstrap,3,ZSH,21,0.5576309794988611
bootstrap,3,ZSH,22,0.3900523560209424
bootstrap,3,ZSH,23,0.41082164328657317
bootstrap,3,ZSH,24,0.8839237057220708
bootstrap,3,ZSH,25,0.35632873425314937
bootstrap,3,ZSH,26,0.4106628242074928
bootstrap,3,ZSH,27,0.810126582278481
bootstrap,3,ZSH,28,0.8732394366197183
bootstrap,3,ZSH,29,0.9181286549707602
bootstrap,3,ZSH,30,0.9528795811518325
bootstrap,3,KMeans++ K*,0,0.9191465752042772
bootstrap,3,KMeans++ K*,1,0.7471500090475903
bootstrap,3,KMeans++ K*,2,0.4604357080255415
bootstrap,3,KMeans++ K*,3,0.6036283092500792
bootstrap,3,KMeans++ K*,4,0.9395973154362416
bootstrap,3,KMeans++ K*,5,0.329530167903941
bootstrap,3,KMeans++ K*,6,0.9014923065027449
bootstrap,3,KMeans++ K*,7,0.7105035745148872
bootstrap,3,KMeans++ K*,8,0.4729594391587381
bootstrap,3,KMeans++ K*,9,0.8839047313895119
bootstrap,3,KMeans++ K*,10,0.5586452762923351
bootstrap,3,KMeans++ K*,11,0.7819767441860465
bootstrap,3,KMeans++ K*,12,0.9192432585062826
bootstrap,3,KMeans++ K*,13,0.702835332606325
bootstrap,3,KMeans++ K*,14,0.4864177434123512
bootstrap,3,KMeans++ K*,15,0.46932972241029114
bootstrap,3,KMeans++ K*,16,0.7341394732483021
bootstrap,3,KMeans++ K*,17,0.8344170924291686
bootstrap,3,KMeans++ K*,18,0.24126016260162603
bootstrap,3,KMeans++ K*,19,0.9378769601930036
bootstrap,3,KMeans++ K*,20,0.49508716323296353
bootstrap,3,KMeans++ K*,21,0.9469790382244143
bootstrap,3,KMeans++ K*,22,0.3631353337415799
bootstrap,3,KMeans++ K*,23,0.5828854898718479
bootstrap,3,KMeans++ K*,24,0.8536285362853628
bootstrap,3,KMeans++ K*,25,0.9836956521739131
bootstrap,3,KMeans++ K*,26,0.9732739420935412
bootstrap,3,KMeans++ K*,27,0.8910891089108911
bootstrap,3,KMeans++ K*,28,0.24423076923076922
bootstrap,3,KMeans++ K*,29,0.9895104895104895
bootstrap,3,KMeans++ K*,30,0.9879518072289156
bootstrap,3,RPW K* (no refinement),0,0.9763450280753455
bootstrap,3,RPW K* (no refinement),1,0.9755836246757641
bootstrap,3,RPW K* (no refinement),2,0.9763236899563319
bootstrap,3,RPW K* (no refinement),3,0.923473832339342
bootstrap,3,RPW K* (no refinement),4,0.9564943694481359
bootstrap,3,RPW K* (no refinement),5,0.9651723648744502
bootstrap,3,RPW K* (no refinement),6,0.46473613753258647
bootstrap,3,RPW K* (no refinement),7,0.9761879107854757
bootstrap,3,RPW K* (no refinement),8,0.9901389511429852
bootstrap,3,RPW K* (no refinement),9,0.9664968152866242
bootstrap,3,RPW K* (no refinement),10,0.7257982767359351
bootstrap,3,RPW K* (no refinement),11,0.9661410788381742
bootstrap,3,RPW K* (no refinement),12,0.8246311950936516
bootstrap,3,RPW K* (no refinement),13,0.9470870206489675
bootstrap,3,RPW K* (no refinement),14,0.28198270482303645
bootstrap,3,RPW K* (no refinement),15,0.8026644462947544
bootstrap,3,RPW K* (no refinement),16,0.49259110933119743
bootstrap,3,RPW K* (no refinement),17,0.7474668745128605
bootstrap,3,RPW K* (no refinement),18,0.6990421029182446
bootstrap,3,RPW K* (no refinement),19,0.5904522613065326
bootstrap,3,RPW K* (no refinement),20,0.5201037613488976
bootstrap,3,RPW K* (no refinement),21,0.3894316774459887
bootstrap,3,RPW K* (no refinement),22,0.9283683911313246
bootstrap,3,RPW K* (no refinement),23,0.6911177644710579
bootstrap,3,RPW K* (no refinement),24,0.2723688201395208
bootstrap,3,RPW K* (no refinement),25,0.773384030418251
bootstrap,3,RPW K* (no refinement),26,0.8494868871151653
bootstrap,3,RPW K* (no refinement),27,0.8671428571428571
bootstrap,3,RPW K* (no refinement),28,0.8626609442060086
bootstrap,3,RPW K* (no refinement),29,0.892925430210325
bootstrap,3,RPW K* (no refinement),30,0.967032967032967
bootstrap,4,ZSH,0,0.9586149584487534
bootstrap,4,ZSH,1,0.36542425283407765
bootstrap,4,ZSH,2,0.8920573004237004
bootstrap,4,ZSH,3,0.9026369168356998
bootstrap,4,ZSH,4,0.8746478873239436
bootstrap,4,ZSH,5,0.5474871588276765
bootstrap,4,ZSH,6,0.3727617750097314
bootstrap,4,ZSH,7,0.9490445859872612
bootstrap,4,ZSH,8,0.9611940298507463
bootstrap,4,ZSH,9,0.9456690871369294
bootstrap,4,ZSH,10,0.7664645619903826
bootstrap,4,ZSH,11,0.5693766428839655
bootstrap,4,ZSH,12,0.8857006975269499
bootstrap,4,ZSH,13,0.5778626996042037
bootstrap,4,ZSH,14,0.8449948042951161
bootstrap,4,ZSH,15,0.8448489863467108
bootstrap,4,ZSH,16,0.8018921475875118
bootstrap,4,ZSH,17,0.24508725043232196
bootstrap,4,ZSH,18,0.4996881821016526
bootstrap,4,ZSH,19,0.6737505838393274
bootstrap,4,ZSH,20,0.3181218178389591
bootstrap,4,ZSH,21,0.5471173882843251
bootstrap,4,ZSH,22,0.946964643095397
bootstrap,4,ZSH,23,0.3399466982528872
bootstrap,4,ZSH,24,0.8743882544861338
bootstrap,4,ZSH,25,0.40605665906870725
bootstrap,4,ZSH,26,0.4222704266088214
bootstrap,4,ZSH,27,0.8102434928631402
bootstrap,4,ZSH,28,0.8771186440677966
bootstrap,4,ZSH,29,0.916504854368932
bootstrap,4,ZSH,30,0.93717277486911
bootstrap,4,KMeans++ K*,0,0.9886363636363636
bootstrap,4,KMeans++ K*,1,0.9928075709779179
bootstrap,4,KMeans++ K*,2,0.990550305725403
bootstrap,4,KMeans++ K*,3,0.7293369133784731
bootstrap,4,KMeans++ K*,4,0.8183072009291521
bootstrap,4,KMeans++ K*,5,0.5255057713789252
bootstrap,4,KMeans++ K*,6,0.6556727346006583
bootstrap,4,KMeans++ K*,7,0.40667072593193965
bootstrap,4,KMeans++ K*,8,0.3666060205094277
bootstrap,4,KMeans++ K*,9,0.8920473038949767
bootstrap,4,KMeans++ K*,10,0.6820680905053923
bootstrap,4,KMeans++ K*,11,0.9943181818181818
bootstrap,4,KMeans++ K*,12,0.6393759491923237
bootstrap,4,KMeans++ K*,13,0.24991800590357494
bootstrap,4,KMeans++ K*,14,0.6948458574181118
bootstrap,4,KMeans++ K*,15,0.36885245901639346
bootstrap,4,KMeans++ K*,16,0.6478298863967376
bootstrap,4,KMeans++ K*,17,0.8498448317020769
bootstrap,4,KMeans++ K*,18,0.6367159971811135
bootstrap,4,KMeans++ K*,19,0.6904109589041096
bootstrap,4,KMeans++ K*,20,0.4934346924671735
bootstrap,4,KMeans++ K*,21,0.24225774225774227
bootstrap,4,KMeans++ K*,22,0.6530278232405892
bootstrap,4,KMeans++ K*,23,0.6163549369290996
bootstrap,4,KMeans++ K*,24,0.831081081081081
bootstrap,4,KMeans++ K*,25,0.984573502722323
bootstrap,4,KMeans++ K*,26,0.9153846153846154
bootstrap,4,KMeans++ K*,27,0.8846787479406919
bootstrap,4,KMeans++ K*,28,0.23552123552123552
bootstrap,4,KMeans++ K*,29,0.9647887323943662
bootstrap,4,KMeans++ K*,30,0.9919354838709677
bootstrap,4,RPW K* (no refinement),0,0.6773862056458925
bootstrap,4,RPW K* (no refinement),1,0.9586149584487534
bootstrap,4,RPW K* (no refinement),2,0.8921172988969599
bootstrap,4,RPW K* (no refinement),3,0.2654734187039193
bootstrap,4,RPW K* (no refinement),4,0.9025758907443716
bootstrap,4,RPW K* (no refinement),5,0.8754529593343175
bootstrap,4,RPW K* (no refinement),6,0.9474418199250414
bootstrap,4,RPW K* (no refinement),7,0.9609891281176721
bootstrap,4,RPW K* (no refinement),8,0.7690520861252569
bootstrap,4,RPW K* (no refinement),9,0.9455394190871369
bootstrap,4,RPW K* (no refinement),10,0.4960118411314859
bootstrap,4,RPW K* (no refinement),11,0.8859635210150674
bootstrap,4,RPW K* (no refinement),12,0.5844963382617107
bootstrap,4,RPW K* (no refinement),13,0.8346589947537655
bootstrap,4,RPW K* (no refinement),14,0.8418230563002681
bootstrap,4,RPW K* (no refinement),15,0.8015527362242
bootstrap,4,RPW K* (no refinement),16,0.27806678972982046
bootstrap,4,RPW K* (no refinement),17,0.5013266739503668
bootstrap,4,RPW K* (no refinement),18,0.6735932757413028
bootstrap,4,RPW K* (no refinement),19,0.5782329125982377
bootstrap,4,RPW K* (no refinement),20,0.49987049987049986
bootstrap,4,RPW K* (no refinement),21,0.9459819939979993
bootstrap,4,RPW K* (no refinement),22,0.9124004550625711
bootstrap,4,RPW K* (no refinement),23,0.6928071928071928
bootstrap,4,RPW K* (no refinement),24,0.40993578911794526
bootstrap,4,RPW K* (no refinement),25,0.7749049429657795
bootstrap,4,RPW K* (no refinement),26,0.856815578465063
bootstrap,4,RPW K* (no refinement),27,0.8653295128939829
bootstrap,4,RPW K* (no refinement),28,0.8659058487874465
bootstrap,4,RPW K* (no refinement),29,0.892925430210325
bootstrap,4,RPW K* (no refinement),30,0.9597069597069597
bootstrap,5,ZSH,0,0.9709909101110986
bootstrap,5,ZSH,1,0.3655166495022314
bootstrap,5,ZSH,2,0.977589505329325
bootstrap,5,ZSH,3,0.950979020979021
bootstrap,5,ZSH,4,0.9171122994652406
bootstrap,5,ZSH,5,0.553612818704021
bootstrap,5,ZSH,6,0.37259381683842113
bootstrap,5,ZSH,7,0.7088775736108036
bootstrap,5,ZSH,8,0.9590811965811966
bootstrap,5,ZSH,9,0.9795601552393273
bootstrap,5,ZSH,10,0.7522841597371933
bootstrap,5,ZSH,11,0.5753719472256011
bootstrap,5,ZSH,12,0.9032567049808429
bootstrap,5,ZSH,13,0.7172600127145582
bootstrap,5,ZSH,14,0.8706318390398871
bootstrap,5,ZSH,15,0.7380410022779044
bootstrap,5,ZSH,16,0.8479496548924076
bootstrap,5,ZSH,17,0.4955901670106962
bootstrap,5,ZSH,18,0.626158038147139
bootstrap,5,ZSH,19,0.6738227146814404
bootstrap,5,ZSH,20,0.6022041458934663
bootstrap,5,ZSH,21,0.6442141623488774
bootstrap,5,ZSH,22,0.20120385232744784
bootstrap,5,ZSH,23,0.7480954799390553
bootstrap,5,ZSH,24,0.6848681166126793
bootstrap,5,ZSH,25,0.4124872057318321
bootstrap,5,ZSH,26,0.5955473098330241
bootstrap,5,ZSH,27,0.42890625
bootstrap,5,ZSH,28,0.17017383348581885
bootstrap,5,ZSH,29,0.8353982300884956
bootstrap,5,ZSH,30,0.6963350785340314
bootstrap,5,KMeans++ K*,0,0.9541626746003732
bootstrap,5,KMeans++ K*,1,0.763826150653156
bootstrap,5,KMeans++ K*,2,0.4371510112917235
bootstrap,5,KMeans++ K*,3,0.6693061410504728
bootstrap,5,KMeans++ K*,4,0.917513448894202
bootstrap,5,KMeans++ K*,5,0.38820727482678985
bootstrap,5,KMeans++ K*,6,0.48487733430977664
bootstrap,5,KMeans++ K*,7,0.9638658701098477
bootstrap,5,KMeans++ K*,8,0.5602630773936984
bootstrap,5,KMeans++ K*,9,0.8810499501605936
bootstrap,5,KMeans++ K*,10,0.858888083652552
bootstrap,5,KMeans++ K*,11,0.7625528541226215
bootstrap,5,KMeans++ K*,12,0.6610896017699115
bootstrap,5,KMeans++ K*,13,0.2481118250479089
bootstrap,5,KMeans++ K*,14,0.8049079754601227
bootstrap,5,KMeans++ K*,15,0.9090324654451944
bootstrap,5,KMeans++ K*,16,0.8615768819122369
bootstrap,5,KMeans++ K*,17,0.8155291790306627
bootstrap,5,KMeans++ K*,18,0.6402143845089903
bootstrap,5,KMeans++ K*,19,0.6976802824004035
bootstrap,5,KMeans++ K*,20,0.9367038216560509
bootstrap,5,KMeans++ K*,21,0.26424501424501423
bootstrap,5,KMeans++ K*,22,0.9335130278526504
bootstrap,5,KMeans++ K*,23,0.884180790960452
bootstrap,5,KMeans++ K*,24,0.7596491228070176
bootstrap,5,KMeans++ K*,25,0.6484055600981193
bootstrap,5,KMeans++ K*,26,0.9701327433628318
bootstrap,5,KMeans++ K*,27,0.9524564183835182
bootstrap,5,KMeans++ K*,28,0.10227272727272728
bootstrap,5,KMeans++ K*,29,0.9726027397260274
bootstrap,5,KMeans++ K*,30,0.45137614678899085
bootstrap,5,RPW K* (no refinement),0,0.6807575757575758
bootstrap,5,RPW K* (no refinement),1,0.9684911573763152
bootstrap,5,RPW K* (no refinement),2,0.9134882460537904
bootstrap,5,RPW K* (no refinement),3,0.26929748482220295
bootstrap,5,RPW K* (no refinement),4,0.9365759292524527
bootstrap,5,RPW K* (no refinement),5,0.8606416005519144
bootstrap,5,RPW K* (no refinement),6,0.7341160734190384
bootstrap,5,RPW K* (no refinement),7,0.9664458217567856
bootstrap,5,RPW K* (no refinement),8,0.749259710851768
bootstrap,5,RPW K* (no refinement),9,0.9586412550239855
bootstrap,5,RPW K* (no refinement),10,0.5006101033108273
bootstrap,5,RPW K* (no refinement),11,0.8551304626220586
bootstrap,5,RPW K* (no refinement),12,0.8429099462365591
bootstrap,5,RPW K* (no refinement),13,0.862270307401683
bootstrap,5,RPW K* (no refinement),14,0.7660434562910561
bootstrap,5,RPW K* (no refinement),15,0.7889143571577412
bootstrap,5,RPW K* (no refinement),16,0.6224111619795073
bootstrap,5,RPW K* (no refinement),17,0.4021610420367081
bootstrap,5,RPW K* (no refinement),18,0.7704996414056897
bootstrap,5,RPW K* (no refinement),19,0.6537979443469542
bootstrap,5,RPW K* (no refinement),20,0.5191755804852596
bootstrap,5,RPW K* (no refinement),21,0.1890894819466248
bootstrap,5,RPW K* (no refinement),22,0.6932457786116323
bootstrap,5,RPW K* (no refinement),23,0.7573177221926557
bootstrap,5,RPW K* (no refinement),24,0.42116254785938045
bootstrap,5,RPW K* (no refinement),25,0.7881944444444444
bootstrap,5,RPW K* (no refinement),26,0.9712918660287081
bootstrap,5,RPW K* (no refinement),27,0.17086578103527256
bootstrap,5,RPW K* (no refinement),28,0.9494949494949495
bootstrap,5,RPW K* (no refinement),29,0.855595667870036
bootstrap,5,RPW K* (no refinement),30,0.9743589743589743
bootstrap,6,ZSH,0,0.9784465689879505
bootstrap,6,ZSH,1,0.3550491323437173
bootstrap,6,ZSH,2,0.9767948281728479
bootstrap,6,ZSH,3,0.9610080504025201
bootstrap,6,ZSH,4,0.9273459748558728
bootstrap,6,ZSH,5,0.39070008480165835
bootstrap,6,ZSH,6,0.8269821328866555
bootstrap,6,ZSH,7,0.4232469993682881
bootstrap,6,ZSH,8,0.9626268019220502
bootstrap,6,ZSH,9,0.96426735218509
bootstrap,6,ZSH,10,0.8221693301598096
bootstrap,6,ZSH,11,0.7708782156887594
bootstrap,6,ZSH,12,0.9044647143542967
bootstrap,6,ZSH,13,0.8325707507202169
bootstrap,6,ZSH,14,0.8175009134088418
bootstrap,6,ZSH,15,0.30168122475814785
bootstrap,6,ZSH,16,0.8536382536382536
bootstrap,6,ZSH,17,0.7485801660113587
bootstrap,6,ZSH,18,0.6262277191706075
bootstrap,6,ZSH,19,0.6617262423714037
bootstrap,6,ZSH,20,0.8474121748458031
bootstrap,6,ZSH,21,0.6594512962496853
bootstrap,6,ZSH,22,0.36058673469387753
bootstrap,6,ZSH,23,0.8149951314508277
bootstrap,6,ZSH,24,0.917877094972067
bootstrap,6,ZSH,25,0.4250597473540457
bootstrap,6,ZSH,26,0.6605442176870748
bootstrap,6,ZSH,27,0.4314800313234142
bootstrap,6,ZSH,28,0.8315217391304348
bootstrap,6,ZSH,29,0.8805970149253731
bootstrap,6,ZSH,30,0.7015706806282722
bootstrap,6,KMeans++ K*,0,0.9547352009254136
bootstrap,6,KMeans++ K*,1,0.7095767036925849
bootstrap,6,KMeans++ K*,2,0.4879798615481435
bootstrap,6,KMeans++ K*,3,0.818651527715762
bootstrap,6,KMeans++ K*,4,0.9656059381200852
bootstrap,6,KMeans++ K*,5,0.7527387692081464
bootstrap,6,KMeans++ K*,6,0.7839804127317244
bootstrap,6,KMeans++ K*,7,0.7451116778730968
bootstrap,6,KMeans++ K*,8,0.5194302523610466
bootstrap,6,KMeans++ K*,9,0.9207736859359633
bootstrap,6,KMeans++ K*,10,0.8039849780930524
bootstrap,6,KMeans++ K*,11,0.7928118393234672
bootstrap,6,KMeans++ K*,12,0.5750306664849394
bootstrap,6,KMeans++ K*,13,0.2622085349758029
bootstrap,6,KMeans++ K*,14,0.8716246794388294
bootstrap,6,KMeans++ K*,15,0.24725106902871105
bootstrap,6,KMeans++ K*,16,0.7058165548098434
bootstrap,6,KMeans++ K*,17,0.8766723424957431
bootstrap,6,KMeans++ K*,18,0.5852189483965489
bootstrap,6,KMeans++ K*,19,0.4153484395040616
bootstrap,6,KMeans++ K*,20,0.4998394863563403
bootstrap,6,KMeans++ K*,21,0.19111111111111112
bootstrap,6,KMeans++ K*,22,0.3822800495662949
bootstrap,6,KMeans++ K*,23,0.5383353833538336
bootstrap,6,KMeans++ K*,24,0.48451198129748685
bootstrap,6,KMeans++ K*,25,0.8862007168458781
bootstrap,6,KMeans++ K*,26,0.956858407079646
bootstrap,6,KMeans++ K*,27,0.8949096880131363
bootstrap,6,KMeans++ K*,28,0.1872791519434629
bootstrap,6,KMeans++ K*,29,0.9895470383275261
bootstrap,6,KMeans++ K*,30,0.9349593495934959
bootstrap,6,RPW K* (no refinement),0,0.8764857693286322
bootstrap,6,RPW K* (no refinement),1,0.9772419245538739
bootstrap,6,RPW K* (no refinement),2,0.9166103527503717
bootstrap,6,RPW K* (no refinement),3,0.9161204098517152
bootstrap,6,RPW K* (no refinement),4,0.9529093557112144
bootstrap,6,RPW K* (no refinement),5,0.8404120970422068
bootstrap,6,RPW K* (no refinement),6,0.4176070652554847
bootstrap,6,RPW K* (no refinement),7,0.9437103319113516
bootstrap,6,RPW K* (no refinement),8,0.9250080463469584
bootstrap,6,RPW K* (no refinement),9,0.9482425646967941
bootstrap,6,RPW K* (no refinement),10,0.7744935660593706
bootstrap,6,RPW K* (no refinement),11,0.86649632705206
bootstrap,6,RPW K* (no refinement),12,0.8781985670419652
bootstrap,6,RPW K* (no refinement),13,0.10050644097753306
bootstrap,6,RPW K* (no refinement),14,0.3058601134215501
bootstrap,6,RPW K* (no refinement),15,0.8200871550114132
bootstrap,6,RPW K* (no refinement),16,0.8768472906403941
bootstrap,6,RPW K* (no refinement),17,0.43156633722671456
bootstrap,6,RPW K* (no refinement),18,0.7227282826038658
bootstrap,6,RPW K* (no refinement),19,0.660010111223458
bootstrap,6,RPW K* (no refinement),20,0.7174657534246576
bootstrap,6,RPW K* (no refinement),21,0.356773134705214
bootstrap,6,RPW K* (no refinement),22,0.9341657207718501
bootstrap,6,RPW K* (no refinement),23,0.9236148466917697
bootstrap,6,RPW K* (no refinement),24,0.4331941544885177
bootstrap,6,RPW K* (no refinement),25,0.9455128205128205
bootstrap,6,RPW K* (no refinement),26,0.9878640776699029
bootstrap,6,RPW K* (no refinement),27,0.8406593406593407
bootstrap,6,RPW K* (no refinement),28,0.9536903039073806
bootstrap,6,RPW K* (no refinement),29,0.9047619047619048
bootstrap,6,RPW K* (no refinement),30,0.978021978021978
bootstrap,7,ZSH,0,0.9710982658959537
bootstrap,7,ZSH,1,0.3207262924199175
bootstrap,7,ZSH,2,0.9758444216990788
bootstrap,7,ZSH,3,0.9507007879506311
bootstrap,7,ZSH,4,0.8999192354287253
bootstrap,7,ZSH,5,0.46483084887976434
bootstrap,7,ZSH,6,0.3682975100105859
bootstrap,7,ZSH,7,0.9400450528504591
bootstrap,7,ZSH,8,0.9275543082839621
bootstrap,7,ZSH,9,0.98203125
bootstrap,7,ZSH,10,0.7249629263470094
bootstrap,7,ZSH,11,0.5682563477934977
bootstrap,7,ZSH,12,0.894510739856802
bootstrap,7,ZSH,13,0.8370006770480705
bootstrap,7,ZSH,14,0.09298200069228106
bootstrap,7,ZSH,15,0.8409184940008275
bootstrap,7,ZSH,16,0.8566353187042842
bootstrap,7,ZSH,17,0.7374836743578581
bootstrap,7,ZSH,18,0.6317808219178083
bootstrap,7,ZSH,19,0.6665935030728709
bootstrap,7,ZSH,20,0.8135683760683761
bootstrap,7,ZSH,21,0.6561712846347607
bootstrap,7,ZSH,22,0.9382226627023456
bootstrap,7,ZSH,23,0.6875571820677036
bootstrap,7,ZSH,24,0.9223516361619523
bootstrap,7,ZSH,25,0.42572898799313896
bootstrap,7,ZSH,26,0.461875
bootstrap,7,ZSH,27,0.7502095557418273
bootstrap,7,ZSH,28,0.914651493598862
bootstrap,7,ZSH,29,0.8956356736242884
bootstrap,7,ZSH,30,0.9240837696335078
bootstrap,7,KMeans++ K*,0,0.9492788461538462
bootstrap,7,KMeans++ K*,1,0.9097955447055234
bootstrap,7,KMeans++ K*,2,0.9416158432124991
bootstrap,7,KMeans++ K*,3,0.7120260525703652
bootstrap,7,KMeans++ K*,4,0.8288903576411838
bootstrap,7,KMeans++ K*,5,0.5244039445762078
bootstrap,7,KMeans++ K*,6,0.6972607612949129
bootstrap,7,KMeans++ K*,7,0.7107985774329131
bootstrap,7,KMeans++ K*,8,0.38141622903608335
bootstrap,7,KMeans++ K*,9,0.8933100131176214
bootstrap,7,KMeans++ K*,10,0.6461002357281952
bootstrap,7,KMeans++ K*,11,0.96723044397463
bootstrap,7,KMeans++ K*,12,0.49680827646929343
bootstrap,7,KMeans++ K*,13,0.17759490310591983
bootstrap,7,KMeans++ K*,14,0.6849626912862021
bootstrap,7,KMeans++ K*,15,0.5581839553335293
bootstrap,7,KMeans++ K*,16,0.6636784268363216
bootstrap,7,KMeans++ K*,17,0.9332161687170475
bootstrap,7,KMeans++ K*,18,0.6061257388500806
bootstrap,7,KMeans++ K*,19,0.3911189162067235
bootstrap,7,KMeans++ K*,20,0.9090909090909091
bootstrap,7,KMeans++ K*,21,0.7481216457960644
bootstrap,7,KMeans++ K*,22,0.9706546275395034
bootstrap,7,KMeans++ K*,23,0.9922118380062306
bootstrap,7,KMeans++ K*,24,0.40563866513233604
bootstrap,7,KMeans++ K*,25,0.6034353995519044
bootstrap,7,KMeans++ K*,26,0.9687150837988827
bootstrap,7,KMeans++ K*,27,0.996694214876033
bootstrap,7,KMeans++ K*,28,0.932
bootstrap,7,KMeans++ K*,29,1.0
bootstrap,7,KMeans++ K*,30,0.2333965844402277
bootstrap,7,RPW K* (no refinement),0,0.6706862918957261
bootstrap,7,RPW K* (no refinement),1,0.9708193041526375
bootstrap,7,RPW K* (no refinement),2,0.976318842557838
bootstrap,7,RPW K* (no refinement),3,0.5564214895088772
bootstrap,7,RPW K* (no refinement),4,0.9509728711904596
bootstrap,7,RPW K* (no refinement),5,0.9087700244366006
bootstrap,7,RPW K* (no refinement),6,0.9519348625459639
bootstrap,7,RPW K* (no refinement),7,0.9348551177819471
bootstrap,7,RPW K* (no refinement),8,0.8439415895663805
bootstrap,7,RPW K* (no refinement),9,0.9821591353040761
bootstrap,7,RPW K* (no refinement),10,0.6866411353908538
bootstrap,7,RPW K* (no refinement),11,0.95589929241402
bootstrap,7,RPW K* (no refinement),12,0.8446072584767422
bootstrap,7,RPW K* (no refinement),13,0.09435518717837922
bootstrap,7,RPW K* (no refinement),14,0.8722650552198374
bootstrap,7,RPW K* (no refinement),15,0.8550240233966994
bootstrap,7,RPW K* (no refinement),16,0.7368306486721811
bootstrap,7,RPW K* (no refinement),17,0.6396163777203984
bootstrap,7,RPW K* (no refinement),18,0.6533333333333333
bootstrap,7,RPW K* (no refinement),19,0.6560525650745515
bootstrap,7,RPW K* (no refinement),20,0.8364728364728364
bootstrap,7,RPW K* (no refinement),21,0.9482816149482817
bootstrap,7,RPW K* (no refinement),22,0.9357384441939121
bootstrap,7,RPW K* (no refinement),23,0.8218623481781376
bootstrap,7,RPW K* (no refinement),24,0.426510989010989
bootstrap,7,RPW K* (no refinement),25,0.6937590711175616
bootstrap,7,RPW K* (no refinement),26,0.4410933081998115
bootstrap,7,RPW K* (no refinement),27,0.9213161659513591
bootstrap,7,RPW K* (no refinement),28,0.5615906886517944
bootstrap,7,RPW K* (no refinement),29,0.9094412331406551
bootstrap,7,RPW K* (no refinement),30,0.773371104815864
bootstrap,8,ZSH,0,0.9706575403949731
bootstrap,8,ZSH,1,0.3311378869474255
bootstrap,8,ZSH,2,0.9759562841530055
bootstrap,8,ZSH,3,0.9506767127110367
bootstrap,8,ZSH,4,0.9050650054171181
bootstrap,8,ZSH,5,0.39846249555634555
bootstrap,8,ZSH,6,0.7696625546635337
bootstrap,8,ZSH,7,0.44059092507914177
bootstrap,8,ZSH,8,0.944351639173105
bootstrap,8,ZSH,9,0.968113714944295
bootstrap,8,ZSH,10,0.8584873568431794
bootstrap,8,ZSH,11,0.7676223863778641
bootstrap,8,ZSH,12,0.9524278215223098
bootstrap,8,ZSH,13,0.8343506273312987
bootstrap,8,ZSH,14,0.14272144383756827
bootstrap,8,ZSH,15,0.2922794117647059
bootstrap,8,ZSH,16,0.844500104362346
bootstrap,8,ZSH,17,0.6214442013129103
bootstrap,8,ZSH,18,0.6335793357933579
bootstrap,8,ZSH,19,0.6582167832167832
bootstrap,8,ZSH,20,0.38323218700831646
bootstrap,8,ZSH,21,0.568904593639576
bootstrap,8,ZSH,22,0.3711137347500984
bootstrap,8,ZSH,23,0.5870577281191807
bootstrap,8,ZSH,24,0.9114349775784754
bootstrap,8,ZSH,25,0.4163032539416303
bootstrap,8,ZSH,26,0.7438080495356038
bootstrap,8,ZSH,27,0.9316239316239316
bootstrap,8,ZSH,28,0.8727015558698727
bootstrap,8,ZSH,29,0.9034090909090909
bootstrap,8,ZSH,30,0.9921465968586387
bootstrap,8,KMeans++ K*,0,0.9543735820519285
bootstrap,8,KMeans++ K*,1,0.7173808377467501
bootstrap,8,KMeans++ K*,2,0.4897147905098435
bootstrap,8,KMeans++ K*,3,0.6002198406155537
bootstrap,8,KMeans++ K*,4,0.9378607300802039
bootstrap,8,KMeans++ K*,5,0.3777652529237706
bootstrap,8,KMeans++ K*,6,0.9653944862985346
bootstrap,8,KMeans++ K*,7,0.9851161897445746
bootstrap,8,KMeans++ K*,8,0.674470549305096
bootstrap,8,KMeans++ K*,9,0.8878081131866917
bootstrap,8,KMeans++ K*,10,0.8065386922615477
bootstrap,8,KMeans++ K*,11,0.7991543340380549
bootstrap,8,KMeans++ K*,12,0.9505680979784565
bootstrap,8,KMeans++ K*,13,0.9507020757020757
bootstrap,8,KMeans++ K*,14,0.8907889064520764
bootstrap,8,KMeans++ K*,15,0.9798251513113652
bootstrap,8,KMeans++ K*,16,0.8712834718374884
bootstrap,8,KMeans++ K*,17,0.9665144596651446
bootstrap,8,KMeans++ K*,18,0.9660107334525939
bootstrap,8,KMeans++ K*,19,0.9590464547677262
bootstrap,8,KMeans++ K*,20,0.9764131760878406
bootstrap,8,KMeans++ K*,21,0.9509525739764897
bootstrap,8,KMeans++ K*,22,0.9741144414168937
bootstrap,8,KMeans++ K*,23,0.8893596986817326
bootstrap,8,KMeans++ K*,24,0.8274415817855003
bootstrap,8,KMeans++ K*,25,0.9845454545454545
bootstrap,8,KMeans++ K*,26,0.9114754098360656
bootstrap,8,KMeans++ K*,27,0.9465408805031447
bootstrap,8,KMeans++ K*,28,0.10826666666666666
bootstrap,8,KMeans++ K*,29,0.9157894736842105
bootstrap,8,KMeans++ K*,30,0.9919354838709677
bootstrap,8,RPW K* (no refinement),0,0.8692891548679025
bootstrap,8,RPW K* (no refinement),1,0.9705502888876424
bootstrap,8,RPW K* (no refinement),2,0.9759562841530055
bootstrap,8,RPW K* (no refinement),3,0.8721430326861637
bootstrap,8,RPW K* (no refinement),4,0.95068359375
bootstrap,8,RPW K* (no refinement),5,0.9046491168708127
bootstrap,8,RPW K* (no refinement),6,0.4385237258347979
bootstrap,8,RPW K* (no refinement),7,0.9418011452368558
bootstrap,8,RPW K* (no refinement),8,0.9723537834563278
bootstrap,8,RPW K* (no refinement),9,0.968113714944295
bootstrap,8,RPW K* (no refinement),10,0.7616091383163646
bootstrap,8,RPW K* (no refinement),11,0.9527326440177253
bootstrap,8,RPW K* (no refinement),12,0.8352282368912268
bootstrap,8,RPW K* (no refinement),13,0.09749819829095027
bootstrap,8,RPW K* (no refinement),14,0.2941068139963168
bootstrap,8,RPW K* (no refinement),15,0.8450939457202505
bootstrap,8,RPW K* (no refinement),16,0.6201838879159369
bootstrap,8,RPW K* (no refinement),17,0.6345018450184502
bootstrap,8,RPW K* (no refinement),18,0.6584407075780738
bootstrap,8,RPW K* (no refinement),19,0.5707524846190251
bootstrap,8,RPW K* (no refinement),20,0.39500229252636404
bootstrap,8,RPW K* (no refinement),21,0.36996336996337
bootstrap,8,RPW K* (no refinement),22,0.9223744292237442
bootstrap,8,RPW K* (no refinement),23,0.5036764705882353
bootstrap,8,RPW K* (no refinement),24,0.4167226326393553
bootstrap,8,RPW K* (no refinement),25,0.578404401650619
bootstrap,8,RPW K* (no refinement),26,0.4934426229508197
bootstrap,8,RPW K* (no refinement),27,0.8497191011235955
bootstrap,8,RPW K* (no refinement),28,0.3350582147477361
bootstrap,8,RPW K* (no refinement),29,0.8990476190476191
bootstrap,8,RPW K* (no refinement),30,0.6813186813186813
bootstrap,9,ZSH,0,0.9645785686394823
bootstrap,9,ZSH,1,0.9887883806854376
bootstrap,9,ZSH,2,0.9131991353688192
bootstrap,9,ZSH,3,0.9195237117634982
bootstrap,9,ZSH,4,0.9066784308402335
bootstrap,9,ZSH,5,0.978372891942536
bootstrap,9,ZSH,6,0.931827065905715
bootstrap,9,ZSH,7,0.9437505458992052
bootstrap,9,ZSH,8,0.9338953428600801
bootstrap,9,ZSH,9,0.9490716864363073
bootstrap,9,ZSH,10,0.9823713763384696
bootstrap,9,ZSH,11,0.7077300326950023
bootstrap,9,ZSH,12,0.9554005838469024
bootstrap,9,ZSH,13,0.5697281211957257
bootstrap,9,ZSH,14,0.8214220767412257
bootstrap,9,ZSH,15,0.8445959909072123
bootstrap,9,ZSH,16,0.7857007035558091
bootstrap,9,ZSH,17,0.2733892670571474
bootstrap,9,ZSH,18,0.5006044122091267
bootstrap,9,ZSH,19,0.18934852118305356
bootstrap,9,ZSH,20,0.5839653304442037
bootstrap,9,ZSH,21,0.6614832535885168
bootstrap,9,ZSH,22,0.9257570823835884
bootstrap,9,ZSH,23,0.7808577405857741
bootstrap,9,ZSH,24,0.9128262076624097
bootstrap,9,ZSH,25,0.166274694261524
bootstrap,9,ZSH,26,0.5279291553133515
bootstrap,9,ZSH,27,0.7606837606837606
bootstrap,9,ZSH,28,0.8981612446958982
bootstrap,9,ZSH,29,0.947265625
bootstrap,9,ZSH,30,0.9345549738219895
bootstrap,9,KMeans++ K*,0,0.9207606173711288
bootstrap,9,KMeans++ K*,1,0.7870869960594119
bootstrap,9,KMeans++ K*,2,0.4329411764705882
bootstrap,9,KMeans++ K*,3,0.6206134440191904
bootstrap,9,KMeans++ K*,4,0.9418544514222387
bootstrap,9,KMeans++ K*,5,0.3669922879177378
bootstrap,9,KMeans++ K*,6,0.8561272074000459
bootstrap,9,KMeans++ K*,7,0.8650221729490022
bootstrap,9,KMeans++ K*,8,0.42133672974284325
bootstrap,9,KMeans++ K*,9,0.8712787371543596
bootstrap,9,KMeans++ K*,10,0.559159964253798
bootstrap,9,KMeans++ K*,11,0.7592494714587738
bootstrap,9,KMeans++ K*,12,0.6625972632143815
bootstrap,9,KMeans++ K*,13,0.8019147788565264
bootstrap,9,KMeans++ K*,14,0.7363476953907816
bootstrap,9,KMeans++ K*,15,0.9043434172722663
bootstrap,9,KMeans++ K*,16,0.6891891891891891
bootstrap,9,KMeans++ K*,17,0.9573400250941029
bootstrap,9,KMeans++ K*,18,0.823041675758237
bootstrap,9,KMeans++ K*,19,0.6503496503496503
bootstrap,9,KMeans++ K*,20,0.9476861167002012
bootstrap,9,KMeans++ K*,21,0.7786547700754975
bootstrap,9,KMeans++ K*,22,0.9796472184531886
bootstrap,9,KMeans++ K*,23,0.8918791312559018
bootstrap,9,KMeans++ K*,24,0.6747058823529412
bootstrap,9,KMeans++ K*,25,0.9427792915531336
bootstrap,9,KMeans++ K*,26,0.9199110122358176
bootstrap,9,KMeans++ K*,27,0.9479495268138801
bootstrap,9,KMeans++ K*,28,0.11806797853309481
bootstrap,9,KMeans++ K*,29,0.9859649122807017
bootstrap,9,KMeans++ K*,30,0.9959349593495935
bootstrap,9,RPW K* (no refinement),0,0.8929779411764706
bootstrap,9,RPW K* (no refinement),1,0.9643852413331847
bootstrap,9,RPW K* (no refinement),2,0.9450765271569822
bootstrap,9,RPW K* (no refinement),3,0.9148349887856456
bootstrap,9,RPW K* (no refinement),4,0.9286747984287782
bootstrap,9,RPW K* (no refinement),5,0.8623188405797102
bootstrap,9,RPW K* (no refinement),6,0.9419000261711594
bootstrap,9,RPW K* (no refinement),7,0.9298507462686567
bootstrap,9,RPW K* (no refinement),8,0.9326436038366204
bootstrap,9,RPW K* (no refinement),9,0.9550706033376123
bootstrap,9,RPW K* (no refinement),10,0.6654516459733455
bootstrap,9,RPW K* (no refinement),11,0.9020700636942676
bootstrap,9,RPW K* (no refinement),12,0.5835721107927412
bootstrap,9,RPW K* (no refinement),13,0.2874754833286635
bootstrap,9,RPW K* (no refinement),14,0.8376543209876544
bootstrap,9,RPW K* (no refinement),15,0.7896802040415931
bootstrap,9,RPW K* (no refinement),16,0.2723242558581381
bootstrap,9,RPW K* (no refinement),17,0.6393355716557696
bootstrap,9,RPW K* (no refinement),18,0.2187244480784955
bootstrap,9,RPW K* (no refinement),19,0.6379928315412187
bootstrap,9,RPW K* (no refinement),20,0.549771934531795
bootstrap,9,RPW K* (no refinement),21,0.9245283018867925
bootstrap,9,RPW K* (no refinement),22,0.9239007891770011
bootstrap,9,RPW K* (no refinement),23,0.8213304013194063
bootstrap,9,RPW K* (no refinement),24,0.1839611178614824
bootstrap,9,RPW K* (no refinement),25,0.8003220611916264
bootstrap,9,RPW K* (no refinement),26,0.4647058823529412
bootstrap,9,RPW K* (no refinement),27,0.8991477272727273
bootstrap,9,RPW K* (no refinement),28,0.5715705765407555
bootstrap,9,RPW K* (no refinement),29,0.9584158415841584
bootstrap,9,RPW K* (no refinement),30,0.7647058823529411
bootstrap,10,ZSH,0,0.9695696032279758
bootstrap,10,ZSH,1,0.3268984268790056
bootstrap,10,ZSH,2,0.9726981093440721
bootstrap,10,ZSH,3,0.9481450546391035
bootstrap,10,ZSH,4,0.8824190350297423
bootstrap,10,ZSH,5,0.3948530395611257
bootstrap,10,ZSH,6,0.7299395482023544
bootstrap,10,ZSH,7,0.4450472030435395
bootstrap,10,ZSH,8,0.939362367159825
bootstrap,10,ZSH,9,0.9669907881269192
bootstrap,10,ZSH,10,0.8595078807120988
bootstrap,10,ZSH,11,0.7401819923371648
bootstrap,10,ZSH,12,0.9494245420651646
bootstrap,10,ZSH,13,0.5775290215588723
bootstrap,10,ZSH,14,0.135719433101129
bootstrap,10,ZSH,15,0.28879743941472336
bootstrap,10,ZSH,16,0.8072825876428433
bootstrap,10,ZSH,17,0.27467739232445115
bootstrap,10,ZSH,18,0.6294536817102138
bootstrap,10,ZSH,19,0.654553320354748
bootstrap,10,ZSH,20,0.5320041972717734
bootstrap,10,ZSH,21,0.5806528472718608
bootstrap,10,ZSH,22,0.3737613951644867
bootstrap,10,ZSH,23,0.8071912454403335
bootstrap,10,ZSH,24,0.910414333706607
bootstrap,10,ZSH,25,0.40609137055837563
bootstrap,10,ZSH,26,0.7775246772968869
bootstrap,10,ZSH,27,0.4779969650986343
bootstrap,10,ZSH,28,0.8531073446327684
bootstrap,10,ZSH,29,0.8696461824953445
bootstrap,10,ZSH,30,0.693717277486911
bootstrap,10,KMeans++ K*,0,0.9599076722364394
bootstrap,10,KMeans++ K*,1,0.7925655088360756
bootstrap,10,KMeans++ K*,2,0.43851453929697537
bootstrap,10,KMeans++ K*,3,0.6820181703902635
bootstrap,10,KMeans++ K*,4,0.8323485967503693
bootstrap,10,KMeans++ K*,5,0.5053363117398858
bootstrap,10,KMeans++ K*,6,0.7951868179518682
bootstrap,10,KMeans++ K*,7,0.716581446311176
bootstrap,10,KMeans++ K*,8,0.38135162601626016
bootstrap,10,KMeans++ K*,9,0.8945179997811576
bootstrap,10,KMeans++ K*,10,0.6313276976628543
bootstrap,10,KMeans++ K*,11,0.7480179704016914
bootstrap,10,KMeans++ K*,12,0.5795909293019119
bootstrap,10,KMeans++ K*,13,0.18337582865884752
bootstrap,10,KMeans++ K*,14,0.6881965552178319
bootstrap,10,KMeans++ K*,15,0.5684941628491207
bootstrap,10,KMeans++ K*,16,0.8018302828618968
bootstrap,10,KMeans++ K*,17,0.9336338592536939
bootstrap,10,KMeans++ K*,18,0.5888927698218652
bootstrap,10,KMeans++ K*,19,0.5081515499425947
bootstrap,10,KMeans++ K*,20,0.9311608961303462
bootstrap,10,KMeans++ K*,21,0.7688044338875692
bootstrap,10,KMeans++ K*,22,0.9661857529305681
bootstrap,10,KMeans++ K*,23,0.8852459016393442
bootstrap,10,KMeans++ K*,24,0.40521523178807944
bootstrap,10,KMeans++ K*,25,0.5593726661687827
bootstrap,10,KMeans++ K*,26,0.949171270718232
bootstrap,10,KMeans++ K*,27,0.9601910828025477
bootstrap,10,KMeans++ K*,28,0.0919831223628692
bootstrap,10,KMeans++ K*,29,0.968421052631579
bootstrap,10,KMeans++ K*,30,0.24723618090452262
bootstrap,10,RPW K* (no refinement),0,0.8238412048545108
bootstrap,10,RPW K* (no refinement),1,0.9696256444743331
bootstrap,10,RPW K* (no refinement),2,0.9751008960941241
bootstrap,10,RPW K* (no refinement),3,0.768943466696848
bootstrap,10,RPW K* (no refinement),4,0.948401921871736
bootstrap,10,RPW K* (no refinement),5,0.8831108761728558
bootstrap,10,RPW K* (no refinement),6,0.515440136914949
bootstrap,10,RPW K* (no refinement),7,0.9366036167117023
bootstrap,10,RPW K* (no refinement),8,0.9674608427090228
bootstrap,10,RPW K* (no refinement),9,0.9836108220603538
bootstrap,10,RPW K* (no refinement),10,0.7058554437328454
bootstrap,10,RPW K* (no refinement),11,0.9503649635036496
bootstrap,10,RPW K* (no refinement),12,0.5780298837852794
bootstrap,10,RPW K* (no refinement),13,0.09771123607579069
bootstrap,10,RPW K* (no refinement),14,0.2085029006840419
bootstrap,10,RPW K* (no refinement),15,0.8073643410852713
bootstrap,10,RPW K* (no refinement),16,0.2731078365706631
bootstrap,10,RPW K* (no refinement),17,0.6323502472980399
bootstrap,10,RPW K* (no refinement),18,0.6484458735262594
bootstrap,10,RPW K* (no refinement),19,0.5801672640382318
bootstrap,10,RPW K* (no refinement),20,0.5040354074459776
bootstrap,10,RPW K* (no refinement),21,0.42296207823230814
bootstrap,10,RPW K* (no refinement),22,0.9231644849174729
bootstrap,10,RPW K* (no refinement),23,0.7100202429149798
bootstrap,10,RPW K* (no refinement),24,0.40582655826558267
bootstrap,10,RPW K* (no refinement),25,0.8094500387296669
bootstrap,10,RPW K* (no refinement),26,0.8864426419466975
bootstrap,10,RPW K* (no refinement),27,0.859375
bootstrap,10,RPW K* (no refinement),28,0.8839541547277937
bootstrap,10,RPW K* (no refinement),29,0.889943074003795
bootstrap,10,RPW K* (no refinement),30,0.9706959706959707
bootstrap,11,ZSH,0,0.9708225788351476
bootstrap,11,ZSH,1,0.3577589556298081
bootstrap,11,ZSH,2,0.9756281235024303
bootstrap,11,ZSH,3,0.9521547810295453
bootstrap,11,ZSH,4,0.9102633722508824
bootstrap,11,ZSH,5,0.38090110268780153
bootstrap,11,ZSH,6,0.791702736898182
bootstrap,11,ZSH,7,0.977961432506887
bootstrap,11,ZSH,8,0.9115530681591045
bootstrap,11,ZSH,9,0.9773895169578622
bootstrap,11,ZSH,10,0.848132408857079
bootstrap,11,ZSH,11,0.6882591093117408
bootstrap,11,ZSH,12,0.9612301652216587
bootstrap,11,ZSH,13,0.8540157998683344
bootstrap,11,ZSH,14,0.14515748959233368
bootstrap,11,ZSH,15,0.9026915113871635
bootstrap,11,ZSH,16,0.8193804939305148
bootstrap,11,ZSH,17,0.7369596103105338
bootstrap,11,ZSH,18,0.5972850678733032
bootstrap,11,ZSH,19,0.1998989388580091
bootstrap,11,ZSH,20,0.6834838024429103
bootstrap,11,ZSH,21,0.619949783154531
bootstrap,11,ZSH,22,0.9899025069637883
bootstrap,11,ZSH,23,0.48236632536973834
bootstrap,11,ZSH,24,0.9122709605774569
bootstrap,11,ZSH,25,0.19860279441117765
bootstrap,11,ZSH,26,0.5375909458367018
bootstrap,11,ZSH,27,0.5717948717948718
bootstrap,11,ZSH,28,0.8714285714285714
bootstrap,11,ZSH,29,0.8840304182509505
bootstrap,11,ZSH,30,0.6858638743455497
bootstrap,11,KMeans++ K*,0,0.9496827062409434
bootstrap,11,KMeans++ K*,1,0.7234068112198931
bootstrap,11,KMeans++ K*,2,0.4862606052931493
bootstrap,11,KMeans++ K*,3,0.5810700484406466
bootstrap,11,KMeans++ K*,4,0.9228548160213222
bootstrap,11,KMeans++ K*,5,0.3765362339313462
bootstrap,11,KMeans++ K*,6,0.6444277005274334
bootstrap,11,KMeans++ K*,7,0.41161948650427915
bootstrap,11,KMeans++ K*,8,0.6281789638932496
bootstrap,11,KMeans++ K*,9,0.8749314317059792
bootstrap,11,KMeans++ K*,10,0.6322046794749857
bootstrap,11,KMeans++ K*,11,0.8053646934460887
bootstrap,11,KMeans++ K*,12,0.3721436343852013
bootstrap,11,KMeans++ K*,13,0.18500741775024
bootstrap,11,KMeans++ K*,14,0.7652414885193982
bootstrap,11,KMeans++ K*,15,0.4159228203047516
bootstrap,11,KMeans++ K*,16,0.5771369455579982
bootstrap,11,KMeans++ K*,17,0.9183370452858204
bootstrap,11,KMeans++ K*,18,0.6182270091135046
bootstrap,11,KMeans++ K*,19,0.5397055273956071
bootstrap,11,KMeans++ K*,20,0.8478007006617361
bootstrap,11,KMeans++ K*,21,0.1709329384387561
bootstrap,11,KMeans++ K*,22,0.9550711743772242
bootstrap,11,KMeans++ K*,23,0.991187143597719
bootstrap,11,KMeans++ K*,24,0.8729318332230311
bootstrap,11,KMeans++ K*,25,0.9844464775846294
bootstrap,11,KMeans++ K*,26,0.8562992125984252
bootstrap,11,KMeans++ K*,27,0.9983443708609272
bootstrap,11,KMeans++ K*,28,0.9834368530020704
bootstrap,11,KMeans++ K*,29,0.9594594594594594
bootstrap,11,KMeans++ K*,30,0.9919354838709677
bootstrap,11,RPW K* (no refinement),0,0.884260097808368
bootstrap,11,RPW K* (no refinement),1,0.9706608324918659
bootstrap,11,RPW K* (no refinement),2,0.968437628371902
bootstrap,11,RPW K* (no refinement),3,0.9018250471994965
bootstrap,11,RPW K* (no refinement),4,0.9522179531959483
bootstrap,11,RPW K* (no refinement),5,0.9079704747071172
bootstrap,11,RPW K* (no refinement),6,0.9763870395028851
bootstrap,11,RPW K* (no refinement),7,0.9092539097519673
bootstrap,11,RPW K* (no refinement),8,0.9651643805791422
bootstrap,11,RPW K* (no refinement),9,0.980660134089737
bootstrap,11,RPW K* (no refinement),10,0.7029969562163427
bootstrap,11,RPW K* (no refinement),11,0.9607394078194013
bootstrap,11,RPW K* (no refinement),12,0.8424853064651553
bootstrap,11,RPW K* (no refinement),13,0.09981540526934049
bootstrap,11,RPW K* (no refinement),14,0.8987603305785123
bootstrap,11,RPW K* (no refinement),15,0.8393213572854291
bootstrap,11,RPW K* (no refinement),16,0.6354623450905624
bootstrap,11,RPW K* (no refinement),17,0.5317639471138342
bootstrap,11,RPW K* (no refinement),18,0.19554519554519553
bootstrap,11,RPW K* (no refinement),19,0.7092146851446632
bootstrap,11,RPW K* (no refinement),20,0.639513356254959
bootstrap,11,RPW K* (no refinement),21,0.98989898989899
bootstrap,11,RPW K* (no refinement),22,0.9384615384615385
bootstrap,11,RPW K* (no refinement),23,0.512421052631579
bootstrap,11,RPW K* (no refinement),24,0.10426770126091174
bootstrap,11,RPW K* (no refinement),25,0.45505971087366437
bootstrap,11,RPW K* (no refinement),26,0.6866666666666666
bootstrap,11,RPW K* (no refinement),27,0.8807471264367817
bootstrap,11,RPW K* (no refinement),28,0.8245363766048502
bootstrap,11,RPW K* (no refinement),29,0.8976833976833977
bootstrap,11,RPW K* (no refinement),30,0.9597069597069597
bootstrap,12,ZSH,0,0.9963022879593252
bootstrap,12,ZSH,1,0.989423383243071
bootstrap,12,ZSH,2,0.8750169445574082
bootstrap,12,ZSH,3,0.9733043721973094
bootstrap,12,ZSH,4,0.9347284504235177
bootstrap,12,ZSH,5,0.9892061008994916
bootstrap,12,ZSH,6,0.9705667127408732
bootstrap,12,ZSH,7,0.4046836770360014
bootstrap,12,ZSH,8,0.9818340041335799
bootstrap,12,ZSH,9,0.9688104137131074
bootstrap,12,ZSH,10,0.9929217459693276
bootstrap,12,ZSH,11,0.7667260239124905
bootstrap,12,ZSH,12,0.9712098518888335
bootstrap,12,ZSH,13,0.8792746113989637
bootstrap,12,ZSH,14,0.9791387559808612
bootstrap,12,ZSH,15,0.31436809226333495
bootstrap,12,ZSH,16,0.9243662266918081
bootstrap,12,ZSH,17,0.6078467831907772
bootstrap,12,ZSH,18,0.6351656626506024
bootstrap,12,ZSH,19,0.6703860745369338
bootstrap,12,ZSH,20,0.8811300639658849
bootstrap,12,ZSH,21,0.8833819241982507
bootstrap,12,ZSH,22,0.3492828882294758
bootstrap,12,ZSH,23,0.9556929417825863
bootstrap,12,ZSH,24,0.9759103641456582
bootstrap,12,ZSH,25,0.14756224066390042
bootstrap,12,ZSH,26,0.9596122778675282
bootstrap,12,ZSH,27,0.9886759581881533
bootstrap,12,ZSH,28,0.96045197740113
bootstrap,12,ZSH,29,0.9769673704414588
bootstrap,12,ZSH,30,0.9947916666666666
bootstrap,12,KMeans++ K*,0,0.9582037129954842
bootstrap,12,KMeans++ K*,1,0.9480749746707193
bootstrap,12,KMeans++ K*,2,0.9746062582390898
bootstrap,12,KMeans++ K*,3,0.635372636262514
bootstrap,12,KMeans++ K*,4,0.9380669144981413
bootstrap,12,KMeans++ K*,5,0.3962196861626248
bootstrap,12,KMeans++ K*,6,0.8381920724441974
bootstrap,12,KMeans++ K*,7,0.7470093385814618
bootstrap,12,KMeans++ K*,8,0.5050370784944732
bootstrap,12,KMeans++ K*,9,0.885321605277625
bootstrap,12,KMeans++ K*,10,0.7689375893282515
bootstrap,12,KMeans++ K*,11,0.9904462766653579
bootstrap,12,KMeans++ K*,12,0.5529301672710258
bootstrap,12,KMeans++ K*,13,0.36253845277429647
bootstrap,12,KMeans++ K*,14,0.7874455337690632
bootstrap,12,KMeans++ K*,15,0.1660370109496062
bootstrap,12,KMeans++ K*,16,0.7576397919375812
bootstrap,12,KMeans++ K*,17,0.8826021934197408
bootstrap,12,KMeans++ K*,18,0.6709545115585384
bootstrap,12,KMeans++ K*,19,0.5185672899657624
bootstrap,12,KMeans++ K*,20,0.6419229409685401
bootstrap,12,KMeans++ K*,21,0.5930968967701077
bootstrap,12,KMeans++ K*,22,0.6852214817718542
bootstrap,12,KMeans++ K*,23,0.9399801587301587
bootstrap,12,KMeans++ K*,24,0.7273324572930355
bootstrap,12,KMeans++ K*,25,0.9316317228805834
bootstrap,12,KMeans++ K*,26,0.9083969465648855
bootstrap,12,KMeans++ K*,27,0.9934102141680395
bootstrap,12,KMeans++ K*,28,0.9533468559837728
bootstrap,12,KMeans++ K*,29,0.9190140845070423
bootstrap,12,KMeans++ K*,30,0.983739837398374
bootstrap,12,RPW K* (no refinement),0,0.7577512645275879
bootstrap,12,RPW K* (no refinement),1,0.9960138648180242
bootstrap,12,RPW K* (no refinement),2,0.8291229258381307
bootstrap,12,RPW K* (no refinement),3,0.6282752217866722
bootstrap,12,RPW K* (no refinement),4,0.9708642667040202
bootstrap,12,RPW K* (no refinement),5,0.9075361907465228
bootstrap,12,RPW K* (no refinement),6,0.9426357938718662
bootstrap,12,RPW K* (no refinement),7,0.9793590439978272
bootstrap,12,RPW K* (no refinement),8,0.8595821163783419
bootstrap,12,RPW K* (no refinement),9,0.9801592481399295
bootstrap,12,RPW K* (no refinement),10,0.70368684569868
bootstrap,12,RPW K* (no refinement),11,0.9652072581987681
bootstrap,12,RPW K* (no refinement),12,0.8786777431637245
bootstrap,12,RPW K* (no refinement),13,0.9437349620581159
bootstrap,12,RPW K* (no refinement),14,0.8597219340112057
bootstrap,12,RPW K* (no refinement),15,0.9101921470342523
bootstrap,12,RPW K* (no refinement),16,0.6010165184243964
bootstrap,12,RPW K* (no refinement),17,0.6146472392638037
bootstrap,12,RPW K* (no refinement),18,0.7046948356807512
bootstrap,12,RPW K* (no refinement),19,0.8913217623497998
bootstrap,12,RPW K* (no refinement),20,0.8875502008032129
bootstrap,12,RPW K* (no refinement),21,0.9357918999012184
bootstrap,12,RPW K* (no refinement),22,0.969066366704162
bootstrap,12,RPW K* (no refinement),23,0.875189489641233
bootstrap,12,RPW K* (no refinement),24,0.17178743961352658
bootstrap,12,RPW K* (no refinement),25,0.7182398864442867
bootstrap,12,RPW K* (no refinement),26,0.43914956011730205
bootstrap,12,RPW K* (no refinement),27,0.9603960396039604
bootstrap,12,RPW K* (no refinement),28,0.43481717011128773
bootstrap,12,RPW K* (no refinement),29,0.9653846153846154
bootstrap,12,RPW K* (no refinement),30,0.7109375
bootstrap,13,ZSH,0,0.9558587923319154
bootstrap,13,ZSH,1,0.6663068544232373
bootstrap,13,ZSH,2,0.8913379477185673
bootstrap,13,ZSH,3,0.8976766175874645
bootstrap,13,ZSH,4,0.9073985024386892
bootstrap,13,ZSH,5,0.7468950497380658
bootstrap,13,ZSH,6,0.47837894297054523
bootstrap,13,ZSH,7,0.8583628746374476
bootstrap,13,ZSH,8,0.9198286413708691
bootstrap,13,ZSH,9,0.9430346970481616
bootstrap,13,ZSH,10,0.6276537234627654
bootstrap,13,ZSH,11,0.531647072794205
bootstrap,13,ZSH,12,0.8812084783296426
bootstrap,13,ZSH,13,0.8511753762895315
bootstrap,13,ZSH,14,0.6997936726272352
bootstrap,13,ZSH,15,0.88046875
bootstrap,13,ZSH,16,0.833691196564513
bootstrap,13,ZSH,17,0.5845797720797721
bootstrap,13,ZSH,18,0.46759735488611315
bootstrap,13,ZSH,19,0.21751615218951903
bootstrap,13,ZSH,20,0.674287182121757
bootstrap,13,ZSH,21,0.7088363109608885
bootstrap,13,ZSH,22,0.17133193375320738
bootstrap,13,ZSH,23,0.4535661218424963
bootstrap,13,ZSH,24,0.9117647058823529
bootstrap,13,ZSH,25,0.14033785038054575
bootstrap,13,ZSH,26,0.5595813204508857
bootstrap,13,ZSH,27,0.571063829787234
bootstrap,13,ZSH,28,0.8088235294117647
bootstrap,13,ZSH,29,0.8823529411764706
bootstrap,13,ZSH,30,0.6858638743455497
bootstrap,13,KMeans++ K*,0,0.9446195407474111
bootstrap,13,KMeans++ K*,1,0.6902665540948016
bootstrap,13,KMeans++ K*,2,0.47268708556994
bootstrap,13,KMeans++ K*,3,0.6680488497585914
bootstrap,13,KMeans++ K*,4,0.9101528063473406
bootstrap,13,KMeans++ K*,5,0.38731040375988035
bootstrap,13,KMeans++ K*,6,0.5564593301435407
bootstrap,13,KMeans++ K*,7,0.4662879047162708
bootstrap,13,KMeans++ K*,8,0.5632056674784148
bootstrap,13,KMeans++ K*,9,0.8853994490358127
bootstrap,13,KMeans++ K*,10,0.52087639520463
bootstrap,13,KMeans++ K*,11,0.7974365750528541
bootstrap,13,KMeans++ K*,12,0.3779576587795766
bootstrap,13,KMeans++ K*,13,0.20085263055905436
bootstrap,13,KMeans++ K*,14,0.7309348872561439
bootstrap,13,KMeans++ K*,15,0.3317921792962934
bootstrap,13,KMeans++ K*,16,0.2121723749799003
bootstrap,13,KMeans++ K*,17,0.8892759392883802
bootstrap,13,KMeans++ K*,18,0.6077049180327869
bootstrap,13,KMeans++ K*,19,0.6941605839416058
bootstrap,13,KMeans++ K*,20,0.9266272189349113
bootstrap,13,KMeans++ K*,21,0.2221738499492091
bootstrap,13,KMeans++ K*,22,0.9656264133876075
bootstrap,13,KMeans++ K*,23,0.9958333333333333
bootstrap,13,KMeans++ K*,24,0.7560222359481161
bootstrap,13,KMeans++ K*,25,0.6880597014925374
bootstrap,13,KMeans++ K*,26,0.9068736141906873
bootstrap,13,KMeans++ K*,27,0.9966832504145937
bootstrap,13,KMeans++ K*,28,0.9648760330578512
bootstrap,13,KMeans++ K*,29,0.9929577464788732
bootstrap,13,KMeans++ K*,30,0.21043627031650983
bootstrap,13,RPW K* (no refinement),0,0.45799801376665183
bootstrap,13,RPW K* (no refinement),1,0.9555948304429471
bootstrap,13,RPW K* (no refinement),2,0.8906134515890614
bootstrap,13,RPW K* (no refinement),3,0.4307556080283353
bootstrap,13,RPW K* (no refinement),4,0.9009459459459459
bootstrap,13,RPW K* (no refinement),5,0.8798128342245989
bootstrap,13,RPW K* (no refinement),6,0.8601725667284896
bootstrap,13,RPW K* (no refinement),7,0.8828193832599119
bootstrap,13,RPW K* (no refinement),8,0.5525273025997873
bootstrap,13,RPW K* (no refinement),9,0.9418920667788275
bootstrap,13,RPW K* (no refinement),10,0.5368295589988081
bootstrap,13,RPW K* (no refinement),11,0.871717810819361
bootstrap,13,RPW K* (no refinement),12,0.8565128900949797
bootstrap,13,RPW K* (no refinement),13,0.08866489336879929
bootstrap,13,RPW K* (no refinement),14,0.881789761625635
bootstrap,13,RPW K* (no refinement),15,0.8274582560296846
bootstrap,13,RPW K* (no refinement),16,0.8174144824522435
bootstrap,13,RPW K* (no refinement),17,0.42436008052919183
bootstrap,13,RPW K* (no refinement),18,0.2159551633675173
bootstrap,13,RPW K* (no refinement),19,0.5784645098985998
bootstrap,13,RPW K* (no refinement),20,0.6681733581494284
bootstrap,13,RPW K* (no refinement),21,0.17196261682242991
bootstrap,13,RPW K* (no refinement),22,0.9277588168373151
bootstrap,13,RPW K* (no refinement),23,0.538307260328921
bootstrap,13,RPW K* (no refinement),24,0.41833616298811543
bootstrap,13,RPW K* (no refinement),25,0.4130695443645084
bootstrap,13,RPW K* (no refinement),26,0.6895787139689579
bootstrap,13,RPW K* (no refinement),27,0.8388429752066116
bootstrap,13,RPW K* (no refinement),28,0.8216833095577746
bootstrap,13,RPW K* (no refinement),29,0.8959537572254336
bootstrap,13,RPW K* (no refinement),30,0.9597069597069597
bootstrap,14,ZSH,0,0.9566275724717858
bootstrap,14,ZSH,1,0.9192088293650794
bootstrap,14,ZSH,2,0.8912427472675752
bootstrap,14,ZSH,3,0.895531441666105
bootstrap,14,ZSH,4,0.9105012755981521
bootstrap,14,ZSH,5,0.9047829937998229
bootstrap,14,ZSH,6,0.8952002493376967
bootstrap,14,ZSH,7,0.9727692034770268
bootstrap,14,ZSH,8,0.9339700143766687
bootstrap,14,ZSH,9,0.9452090032154341
bootstrap,14,ZSH,10,0.92156368221942
bootstrap,14,ZSH,11,0.6947047797563262
bootstrap,14,ZSH,12,0.8975055964182923
bootstrap,14,ZSH,13,0.8579448792106159
bootstrap,14,ZSH,14,0.8241917907737014
bootstrap,14,ZSH,15,0.8783112582781457
bootstrap,14,ZSH,16,0.8250872510778074
bootstrap,14,ZSH,17,0.8233863837312113
bootstrap,14,ZSH,18,0.42446562680531486
bootstrap,14,ZSH,19,0.19059205190592052
bootstrap,14,ZSH,20,0.802455953016551
bootstrap,14,ZSH,21,0.585436193222783
bootstrap,14,ZSH,22,0.9762805087658989
bootstrap,14,ZSH,23,0.6915629322268326
bootstrap,14,ZSH,24,0.9072847682119205
bootstrap,14,ZSH,25,0.41446923597025015
bootstrap,14,ZSH,26,0.4550526968381897
bootstrap,14,ZSH,27,0.7562814070351759
bootstrap,14,ZSH,28,0.890625
bootstrap,14,ZSH,29,0.8861480075901328
bootstrap,14,ZSH,30,0.9319371727748691
bootstrap,14,KMeans++ K*,0,0.9605065572129342
bootstrap,14,KMeans++ K*,1,0.7893328468041112
bootstrap,14,KMeans++ K*,2,0.42956268221574345
bootstrap,14,KMeans++ K*,3,0.637906570617769
bootstrap,14,KMeans++ K*,4,0.9509593303207645
bootstrap,14,KMeans++ K*,5,0.3995143550921297
bootstrap,14,KMeans++ K*,6,0.7236593518383956
bootstrap,14,KMeans++ K*,7,0.7689190242381732
bootstrap,14,KMeans++ K*,8,0.48533844889010685
bootstrap,14,KMeans++ K*,9,0.8746764452113891
bootstrap,14,KMeans++ K*,10,0.8120851906884596
bootstrap,14,KMeans++ K*,11,0.7551532769556025
bootstrap,14,KMeans++ K*,12,0.5065020216369795
bootstrap,14,KMeans++ K*,13,0.3309503266362628
bootstrap,14,KMeans++ K*,14,0.8024592354985298
bootstrap,14,KMeans++ K*,15,0.2127168392586241
bootstrap,14,KMeans++ K*,16,0.6119110862575143
bootstrap,14,KMeans++ K*,17,0.8991702288156902
bootstrap,14,KMeans++ K*,18,0.5984443364122508
bootstrap,14,KMeans++ K*,19,0.4977365811597327
bootstrap,14,KMeans++ K*,20,0.9145708582834331
bootstrap,14,KMeans++ K*,21,0.25107604017216645
bootstrap,14,KMeans++ K*,22,0.9772520473157416
bootstrap,14,KMeans++ K*,23,0.9963484611371936
bootstrap,14,KMeans++ K*,24,0.6682439537329127
bootstrap,14,KMeans++ K*,25,0.6175771971496437
bootstrap,14,KMeans++ K*,26,0.8665943600867679
bootstrap,14,KMeans++ K*,27,0.9950248756218906
bootstrap,14,KMeans++ K*,28,0.9243353783231084
bootstrap,14,KMeans++ K*,29,0.9154929577464789
bootstrap,14,KMeans++ K*,30,0.44404332129963897
bootstrap,14,RPW K* (no refinement),0,0.8510751732717257
bootstrap,14,RPW K* (no refinement),1,0.9559668508287292
bootstrap,14,RPW K* (no refinement),2,0.8920669185105234
bootstrap,14,RPW K* (no refinement),3,0.8680060082613593
bootstrap,14,RPW K* (no refinement),4,0.8988870151770658
bootstrap,14,RPW K* (no refinement),5,0.8841724692019283
bootstrap,14,RPW K* (no refinement),6,0.9713753987947537
bootstrap,14,RPW K* (no refinement),7,0.9101336525034909
bootstrap,14,RPW K* (no refinement),8,0.8943778420835056
bootstrap,14,RPW K* (no refinement),9,0.9453446502057613
bootstrap,14,RPW K* (no refinement),10,0.6919821302609922
bootstrap,14,RPW K* (no refinement),11,0.8940576708618767
bootstrap,14,RPW K* (no refinement),12,0.8585291113381001
bootstrap,14,RPW K* (no refinement),13,0.10077779267802066
bootstrap,14,RPW K* (no refinement),14,0.8745098039215686
bootstrap,14,RPW K* (no refinement),15,0.8256315465187923
bootstrap,14,RPW K* (no refinement),16,0.8219964664310954
bootstrap,14,RPW K* (no refinement),17,0.4242293287237107
bootstrap,14,RPW K* (no refinement),18,0.191664968412472
bootstrap,14,RPW K* (no refinement),19,0.5872977541656604
bootstrap,14,RPW K* (no refinement),20,0.8165212649945475
bootstrap,14,RPW K* (no refinement),21,0.9762805087658989
bootstrap,14,RPW K* (no refinement),22,0.9187675070028011
bootstrap,14,RPW K* (no refinement),23,0.790557508789553
bootstrap,14,RPW K* (no refinement),24,0.41441136671177264
bootstrap,14,RPW K* (no refinement),25,0.6259595254710397
bootstrap,14,RPW K* (no refinement),26,0.3597122302158273
bootstrap,14,RPW K* (no refinement),27,0.8972895863052782
bootstrap,14,RPW K* (no refinement),28,0.38137869292748433
bootstrap,14,RPW K* (no refinement),29,0.9019230769230769
bootstrap,14,RPW K* (no refinement),30,0.5860805860805861
bootstrap,15,ZSH,0,0.998787808820134
bootstrap,15,ZSH,1,0.580428890685179
bootstrap,15,ZSH,2,0.9867004867347638
bootstrap,15,ZSH,3,0.9839825007056167
bootstrap,15,ZSH,4,0.6043811897422444
bootstrap,15,ZSH,5,0.6465552664018628
bootstrap,15,ZSH,6,0.6606711733462095
bootstrap,15,ZSH,7,0.6245542536933265
bootstrap,15,ZSH,8,0.915809639040129
bootstrap,15,ZSH,9,0.987026466009341
bootstrap,15,ZSH,10,0.837997432605905
bootstrap,15,ZSH,11,0.7130819920060495
bootstrap,15,ZSH,12,0.9316114359974009
bootstrap,15,ZSH,13,0.5440329218106996
bootstrap,15,ZSH,14,0.1030393959926435
bootstrap,15,ZSH,15,0.6202674173117523
bootstrap,15,ZSH,16,0.8677718571146635
bootstrap,15,ZSH,17,0.29728771494415884
bootstrap,15,ZSH,18,0.509085009733939
bootstrap,15,ZSH,19,0.262643196423582
bootstrap,15,ZSH,20,0.5874769797421732
bootstrap,15,ZSH,21,0.9101829101829102
bootstrap,15,ZSH,22,0.23648293963254594
bootstrap,15,ZSH,23,0.7435258964143426
bootstrap,15,ZSH,24,0.9452513966480447
bootstrap,15,ZSH,25,0.8020154119739182
bootstrap,15,ZSH,26,0.4657622739018088
bootstrap,15,ZSH,27,0.7956709956709956
bootstrap,15,ZSH,28,0.9360222531293463
bootstrap,15,ZSH,29,0.970703125
bootstrap,15,ZSH,30,0.9528795811518325
bootstrap,15,KMeans++ K*,0,0.9245977707166995
bootstrap,15,KMeans++ K*,1,0.7731538651518893
bootstrap,15,KMeans++ K*,2,0.4479674796747967
bootstrap,15,KMeans++ K*,3,0.657659160411454
bootstrap,15,KMeans++ K*,4,0.9295125164690382
bootstrap,15,KMeans++ K*,5,0.40302982483825156
bootstrap,15,KMeans++ K*,6,0.48741060786650775
bootstrap,15,KMeans++ K*,7,0.5191666666666667
bootstrap,15,KMeans++ K*,8,0.35242366741417974
bootstrap,15,KMeans++ K*,9,0.8568861642532501
bootstrap,15,KMeans++ K*,10,0.586343897255844
bootstrap,15,KMeans++ K*,11,0.779862579281184
bootstrap,15,KMeans++ K*,12,0.6559326563335115
bootstrap,15,KMeans++ K*,13,0.769188140759213
bootstrap,15,KMeans++ K*,14,0.5775127768313458
bootstrap,15,KMeans++ K*,15,0.3005888052470746
bootstrap,15,KMeans++ K*,16,0.6767591339648173
bootstrap,15,KMeans++ K*,17,0.8066896212493851
bootstrap,15,KMeans++ K*,18,0.7837326607818411
bootstrap,15,KMeans++ K*,19,0.6214596949891068
bootstrap,15,KMeans++ K*,20,0.9481781376518219
bootstrap,15,KMeans++ K*,21,0.8204758471521268
bootstrap,15,KMeans++ K*,22,0.9384336803983703
bootstrap,15,KMeans++ K*,23,0.9854166666666667
bootstrap,15,KMeans++ K*,24,0.6272617611580217
bootstrap,15,KMeans++ K*,25,0.6587005227781927
bootstrap,15,KMeans++ K*,26,0.9733036707452726
bootstrap,15,KMeans++ K*,27,0.9933665008291874
bootstrap,15,KMeans++ K*,28,0.9096509240246407
bootstrap,15,KMeans++ K*,29,0.9964788732394366
bootstrap,15,KMeans++ K*,30,0.21808510638297873
bootstrap,15,RPW K* (no refinement),0,0.7388231136243153
bootstrap,15,RPW K* (no refinement),1,0.9987878787878788
bootstrap,15,RPW K* (no refinement),2,0.986632848916918
bootstrap,15,RPW K* (no refinement),3,0.6863430686960099
bootstrap,15,RPW K* (no refinement),4,0.9839813704043469
bootstrap,15,RPW K* (no refinement),5,0.6044144858577848
bootstrap,15,RPW K* (no refinement),6,0.40823734729493893
bootstrap,15,RPW K* (no refinement),7,0.9508213984835721
bootstrap,15,RPW K* (no refinement),8,0.8545070579081916
bootstrap,15,RPW K* (no refinement),9,0.9822997416020672
bootstrap,15,RPW K* (no refinement),10,0.7012824877993418
bootstrap,15,RPW K* (no refinement),11,0.9196136214800262
bootstrap,15,RPW K* (no refinement),12,0.5497172803751207
bootstrap,15,RPW K* (no refinement),13,0.09517019487404482
bootstrap,15,RPW K* (no refinement),14,0.3147387525074028
bootstrap,15,RPW K* (no refinement),15,0.884
bootstrap,15,RPW K* (no refinement),16,0.2940655447298494
bootstrap,15,RPW K* (no refinement),17,0.6677568295498268
bootstrap,15,RPW K* (no refinement),18,0.6571862787668259
bootstrap,15,RPW K* (no refinement),19,0.9127811300054854
bootstrap,15,RPW K* (no refinement),20,0.5821409644939056
bootstrap,15,RPW K* (no refinement),21,0.3519163763066202
bootstrap,15,RPW K* (no refinement),22,0.9602272727272727
bootstrap,15,RPW K* (no refinement),23,0.8604904632152589
bootstrap,15,RPW K* (no refinement),24,0.802491103202847
bootstrap,15,RPW K* (no refinement),25,0.7071698113207547
bootstrap,15,RPW K* (no refinement),26,0.41635338345864664
bootstrap,15,RPW K* (no refinement),27,0.9426573426573427
bootstrap,15,RPW K* (no refinement),28,0.5510204081632653
bootstrap,15,RPW K* (no refinement),29,0.9666011787819253
bootstrap,15,RPW K* (no refinement),30,0.75
bootstrap,16,ZSH,0,0.9668082253017434
bootstrap,16,ZSH,1,0.9352006430470537
bootstrap,16,ZSH,2,0.9637006321800013
bootstrap,16,ZSH,3,0.9359231354116264
bootstrap,16,ZSH,4,0.9194520547945205
bootstrap,16,ZSH,5,0.957483763781906
bootstrap,16,ZSH,6,0.903994896738697
bootstrap,16,ZSH,7,0.4112575353988504
bootstrap,16,ZSH,8,0.9736559139784946
bootstrap,16,ZSH,9,0.9601644821382678
bootstrap,16,ZSH,10,0.9851485148514851
bootstrap,16,ZSH,11,0.7256727458232368
bootstrap,16,ZSH,12,0.9580661075481006
bootstrap,16,ZSH,13,0.5799048418695774
bootstrap,16,ZSH,14,0.9492194846718074
bootstrap,16,ZSH,15,0.3083086902604216
bootstrap,16,ZSH,16,0.8230829116387699
bootstrap,16,ZSH,17,0.3006113537117904
bootstrap,16,ZSH,18,0.6285243500549249
bootstrap,16,ZSH,19,0.663467975898237
bootstrap,16,ZSH,20,0.567859021567596
bootstrap,16,ZSH,21,0.6331521739130435
bootstrap,16,ZSH,22,0.3532425340497313
bootstrap,16,ZSH,23,0.7692307692307693
bootstrap,16,ZSH,24,0.7290569650550502
bootstrap,16,ZSH,25,0.4297435897435897
bootstrap,16,ZSH,26,0.39475123018042646
bootstrap,16,ZSH,27,0.7612687813021702
bootstrap,16,ZSH,28,0.19754529514903565
bootstrap,16,ZSH,29,0.831858407079646
bootstrap,16,ZSH,30,0.918848167539267
bootstrap,16,KMeans++ K*,0,0.9455755089790405
bootstrap,16,KMeans++ K*,1,0.7086878370281606
bootstrap,16,KMeans++ K*,2,0.4904434491894279
bootstrap,16,KMeans++ K*,3,0.6340284413467484
bootstrap,16,KMeans++ K*,4,0.9187564920611366
bootstrap,16,KMeans++ K*,5,0.38245243128964057
bootstrap,16,KMeans++ K*,6,0.8057261124525699
bootstrap,16,KMeans++ K*,7,0.6710475153588926
bootstrap,16,KMeans++ K*,8,0.6245421245421245
bootstrap,16,KMeans++ K*,9,0.8866115702479339
bootstrap,16,KMeans++ K*,10,0.5086283723568015
bootstrap,16,KMeans++ K*,11,0.7980972515856237
bootstrap,16,KMeans++ K*,12,0.4287669790460145
bootstrap,16,KMeans++ K*,13,0.3944242424242424
bootstrap,16,KMeans++ K*,14,0.5274824700294051
bootstrap,16,KMeans++ K*,15,0.4514262648008611
bootstrap,16,KMeans++ K*,16,0.20061195669229562
bootstrap,16,KMeans++ K*,17,0.7972602739726027
bootstrap,16,KMeans++ K*,18,0.19436680283809935
bootstrap,16,KMeans++ K*,19,0.6277712952158693
bootstrap,16,KMeans++ K*,20,0.47967731926776297
bootstrap,16,KMeans++ K*,21,0.16603271205781667
bootstrap,16,KMeans++ K*,22,0.395910780669145
bootstrap,16,KMeans++ K*,23,0.5774647887323944
bootstrap,16,KMeans++ K*,24,0.675775091960063
bootstrap,16,KMeans++ K*,25,0.61171875
bootstrap,16,KMeans++ K*,26,0.9196035242290749
bootstrap,16,KMeans++ K*,27,0.8976897689768977
bootstrap,16,KMeans++ K*,28,0.2535612535612536
bootstrap,16,KMeans++ K*,29,0.9647887323943662
bootstrap,16,KMeans++ K*,30,0.44324324324324327
bootstrap,16,RPW K* (no refinement),0,0.9942833975268599
bootstrap,16,RPW K* (no refinement),1,0.9668641037103264
bootstrap,16,RPW K* (no refinement),2,0.963363240891789
bootstrap,16,RPW K* (no refinement),3,0.9636412969746303
bootstrap,16,RPW K* (no refinement),4,0.935599778883361
bootstrap,16,RPW K* (no refinement),5,0.9197615458407564
bootstrap,16,RPW K* (no refinement),6,0.4134763707754873
bootstrap,16,RPW K* (no refinement),7,0.973763440860215
bootstrap,16,RPW K* (no refinement),8,0.9897959183673469
bootstrap,16,RPW K* (no refinement),9,0.9601593625498008
bootstrap,16,RPW K* (no refinement),10,0.7545001914975106
bootstrap,16,RPW K* (no refinement),11,0.9580592105263158
bootstrap,16,RPW K* (no refinement),12,0.571981745263449
bootstrap,16,RPW K* (no refinement),13,0.951889400921659
bootstrap,16,RPW K* (no refinement),14,0.30728275337516636
bootstrap,16,RPW K* (no refinement),15,0.820826061663758
bootstrap,16,RPW K* (no refinement),16,0.27511141583818993
bootstrap,16,RPW K* (no refinement),17,0.6282004389173372
bootstrap,16,RPW K* (no refinement),18,0.6603731674811195
bootstrap,16,RPW K* (no refinement),19,0.6617081302898179
bootstrap,16,RPW K* (no refinement),20,0.45274959957287775
bootstrap,16,RPW K* (no refinement),21,0.3548832538287723
bootstrap,16,RPW K* (no refinement),22,0.9139482564679415
bootstrap,16,RPW K* (no refinement),23,0.7076555023923445
bootstrap,16,RPW K* (no refinement),24,0.43002717391304346
bootstrap,16,RPW K* (no refinement),25,0.6290657439446367
bootstrap,16,RPW K* (no refinement),26,0.3958333333333333
bootstrap,16,RPW K* (no refinement),27,0.9202279202279202
bootstrap,16,RPW K* (no refinement),28,0.546742209631728
bootstrap,16,RPW K* (no refinement),29,0.9239766081871345
bootstrap,16,RPW K* (no refinement),30,0.773371104815864
bootstrap,17,ZSH,0,0.9617416448868376
bootstrap,17,ZSH,1,0.6610754810064134
bootstrap,17,ZSH,2,0.9513039934800326
bootstrap,17,ZSH,3,0.9200990167090697
bootstrap,17,ZSH,4,0.9559651097355093
bootstrap,17,ZSH,5,0.7594672082188508
bootstrap,17,ZSH,6,0.4950028555111365
bootstrap,17,ZSH,7,0.4364933597061317
bootstrap,17,ZSH,8,0.9521316379955124
bootstrap,17,ZSH,9,0.9473617932250347
bootstrap,17,ZSH,10,0.846294363256785
bootstrap,17,ZSH,11,0.5653113087674714
bootstrap,17,ZSH,12,0.9565571103156525
bootstrap,17,ZSH,13,0.8452243006124813
bootstrap,17,ZSH,14,0.7107093184979137
bootstrap,17,ZSH,15,0.2889691580994721
bootstrap,17,ZSH,16,0.8
bootstrap,17,ZSH,17,0.5377183967112025
bootstrap,17,ZSH,18,0.7627787645549635
bootstrap,17,ZSH,19,0.709890610756609
bootstrap,17,ZSH,20,0.5395495023572551
bootstrap,17,ZSH,21,0.5557566161501922
bootstrap,17,ZSH,22,0.3665369649805447
bootstrap,17,ZSH,23,0.7475221700573813
bootstrap,17,ZSH,24,0.7385589094449854
bootstrap,17,ZSH,25,0.28902765388046386
bootstrap,17,ZSH,26,0.4080717488789238
bootstrap,17,ZSH,27,0.7545454545454545
bootstrap,17,ZSH,28,0.24074074074074073
bootstrap,17,ZSH,29,0.8534322820037106
bootstrap,17,ZSH,30,0.9109947643979057
bootstrap,17,KMeans++ K*,0,0.9578459056070996
bootstrap,17,KMeans++ K*,1,0.7806308252577001
bootstrap,17,KMeans++ K*,2,0.44207299097930547
bootstrap,17,KMeans++ K*,3,0.7079646017699115
bootstrap,17,KMeans++ K*,4,0.9235127478753541
bootstrap,17,KMeans++ K*,5,0.6249824856382233
bootstrap,17,KMeans++ K*,6,0.4850686037126715
bootstrap,17,KMeans++ K*,7,0.6313645621181263
bootstrap,17,KMeans++ K*,8,0.4805406665113027
bootstrap,17,KMeans++ K*,9,0.8800345535039412
bootstrap,17,KMeans++ K*,10,0.6068571428571429
bootstrap,17,KMeans++ K*,11,0.7595137420718816
bootstrap,17,KMeans++ K*,12,0.397118097541314
bootstrap,17,KMeans++ K*,13,0.17362732382187634
bootstrap,17,KMeans++ K*,14,0.79025069637883
bootstrap,17,KMeans++ K*,15,0.22876071706936868
bootstrap,17,KMeans++ K*,16,0.8098878695208971
bootstrap,17,KMeans++ K*,17,0.8031534860803153
bootstrap,17,KMeans++ K*,18,0.5902379711655376
bootstrap,17,KMeans++ K*,19,0.5254440710513683
bootstrap,17,KMeans++ K*,20,0.8236202238517947
bootstrap,17,KMeans++ K*,21,0.16758474576271187
bootstrap,17,KMeans++ K*,22,0.9164815637494447
bootstrap,17,KMeans++ K*,23,0.8910984848484849
bootstrap,17,KMeans++ K*,24,0.7560543414057885
bootstrap,17,KMeans++ K*,25,0.9764279238440616
bootstrap,17,KMeans++ K*,26,0.9658213891951488
bootstrap,17,KMeans++ K*,27,0.9481132075471698
bootstrap,17,KMeans++ K*,28,0.11662946428571429
bootstrap,17,KMeans++ K*,29,0.9759450171821306
bootstrap,17,KMeans++ K*,30,0.9878048780487805
bootstrap,17,RPW K* (no refinement),0,0.4742777584406544
bootstrap,17,RPW K* (no refinement),1,0.9615812298454354
bootstrap,17,RPW K* (no refinement),2,0.951983156750883
bootstrap,17,RPW K* (no refinement),3,0.4413350293779151
bootstrap,17,RPW K* (no refinement),4,0.9222787245739418
bootstrap,17,RPW K* (no refinement),5,0.9238775510204081
bootstrap,17,RPW K* (no refinement),6,0.4351753828781142
bootstrap,17,RPW K* (no refinement),7,0.9274638359870955
bootstrap,17,RPW K* (no refinement),8,0.7254222122805055
bootstrap,17,RPW K* (no refinement),9,0.9477066532258065
bootstrap,17,RPW K* (no refinement),10,0.5688401173918591
bootstrap,17,RPW K* (no refinement),11,0.9556097560975609
bootstrap,17,RPW K* (no refinement),12,0.8438069971812303
bootstrap,17,RPW K* (no refinement),13,0.09313767433900916
bootstrap,17,RPW K* (no refinement),14,0.29040029651593774
bootstrap,17,RPW K* (no refinement),15,0.7964285714285714
bootstrap,17,RPW K* (no refinement),16,0.5315259806941878
bootstrap,17,RPW K* (no refinement),17,0.7606770320802991
bootstrap,17,RPW K* (no refinement),18,0.7061579651941098
bootstrap,17,RPW K* (no refinement),19,0.5816467341306347
bootstrap,17,RPW K* (no refinement),20,0.5200945626477541
bootstrap,17,RPW K* (no refinement),21,0.3664072632944228
bootstrap,17,RPW K* (no refinement),22,0.9181353041500853
bootstrap,17,RPW K* (no refinement),23,0.7773543821448013
bootstrap,17,RPW K* (no refinement),24,0.2824773413897281
bootstrap,17,RPW K* (no refinement),25,0.7951142631993696
bootstrap,17,RPW K* (no refinement),26,0.4834170854271357
bootstrap,17,RPW K* (no refinement),27,0.8019125683060109
bootstrap,17,RPW K* (no refinement),28,0.5738025415444771
bootstrap,17,RPW K* (no refinement),29,0.8893129770992366
bootstrap,17,RPW K* (no refinement),30,0.7913043478260869
bootstrap,18,ZSH,0,0.9887997228797414
bootstrap,18,ZSH,1,0.31219823630341964
bootstrap,18,ZSH,2,0.9572323617542904
bootstrap,18,ZSH,3,0.9643725258698521
bootstrap,18,ZSH,4,0.8704469917927152
bootstrap,18,ZSH,5,0.6058274834118665
bootstrap,18,ZSH,6,0.4689662087636619
bootstrap,18,ZSH,7,0.6583712039241145
bootstrap,18,ZSH,8,0.6009372746935833
bootstrap,18,ZSH,9,0.9767591165896251
bootstrap,18,ZSH,10,0.8633851690014137
bootstrap,18,ZSH,11,0.6573173256054647
bootstrap,18,ZSH,12,0.7860492379835874
bootstrap,18,ZSH,13,0.5794533717895893
bootstrap,18,ZSH,14,0.44220334984666193
bootstrap,18,ZSH,15,0.6719148298095666
bootstrap,18,ZSH,16,0.6613508442776735
bootstrap,18,ZSH,17,0.5884964682139253
bootstrap,18,ZSH,18,0.37187111049647353
bootstrap,18,ZSH,19,0.4435640603976678
bootstrap,18,ZSH,20,0.29834651329978434
bootstrap,18,ZSH,21,0.8105016896282817
bootstrap,18,ZSH,22,0.2345679012345679
bootstrap,18,ZSH,23,0.4849977608598298
bootstrap,18,ZSH,24,0.8581971534001054
bootstrap,18,ZSH,25,0.3127431906614786
bootstrap,18,ZSH,26,0.5490472829922372
bootstrap,18,ZSH,27,0.6688102893890675
bootstrap,18,ZSH,28,0.8240620957309185
bootstrap,18,ZSH,29,0.9356060606060606
bootstrap,18,ZSH,30,0.7180156657963447
bootstrap,18,KMeans++ K*,0,0.9800352024138798
bootstrap,18,KMeans++ K*,1,0.924295335495136
bootstrap,18,KMeans++ K*,2,0.9347855964815833
bootstrap,18,KMeans++ K*,3,0.8484728804634017
bootstrap,18,KMeans++ K*,4,0.9728155339805825
bootstrap,18,KMeans++ K*,5,0.8294343165636492
bootstrap,18,KMeans++ K*,6,0.6064790624766739
bootstrap,18,KMeans++ K*,7,0.7967440361057382
bootstrap,18,KMeans++ K*,8,0.8821520951888256
bootstrap,18,KMeans++ K*,9,0.9455178611547966
bootstrap,18,KMeans++ K*,10,0.8599723139175807
bootstrap,18,KMeans++ K*,11,0.9876866649200943
bootstrap,18,KMeans++ K*,12,0.6986925052533272
bootstrap,18,KMeans++ K*,13,0.3558083832335329
bootstrap,18,KMeans++ K*,14,0.5418560153073427
bootstrap,18,KMeans++ K*,15,0.5027971073816346
bootstrap,18,KMeans++ K*,16,0.8722947594348059
bootstrap,18,KMeans++ K*,17,0.7555505210693249
bootstrap,18,KMeans++ K*,18,0.21647931394136052
bootstrap,18,KMeans++ K*,19,0.740165128703254
bootstrap,18,KMeans++ K*,20,0.502858958068615
bootstrap,18,KMeans++ K*,21,0.15259799453053782
bootstrap,18,KMeans++ K*,22,0.4444444444444444
bootstrap,18,KMeans++ K*,23,0.8835584536562645
bootstrap,18,KMeans++ K*,24,0.9258530183727034
bootstrap,18,KMeans++ K*,25,0.9963503649635036
bootstrap,18,KMeans++ K*,26,0.9383938393839384
bootstrap,18,KMeans++ K*,27,0.9820554649265906
bootstrap,18,KMeans++ K*,28,0.949290060851927
bootstrap,18,KMeans++ K*,29,0.9612676056338029
bootstrap,18,KMeans++ K*,30,1.0
bootstrap,18,RPW K* (no refinement),0,0.7314428051350833
bootstrap,18,RPW K* (no refinement),1,0.9848152424942264
bootstrap,18,RPW K* (no refinement),2,0.45002517623363547
bootstrap,18,RPW K* (no refinement),3,0.5884030418250951
bootstrap,18,RPW K* (no refinement),4,0.883365731741183
bootstrap,18,RPW K* (no refinement),5,0.8651578158020315
bootstrap,18,RPW K* (no refinement),6,0.6608419380460683
bootstrap,18,RPW K* (no refinement),7,0.6009914375844975
bootstrap,18,RPW K* (no refinement),8,0.7613890129522108
bootstrap,18,RPW K* (no refinement),9,0.805620005155968
bootstrap,18,RPW K* (no refinement),10,0.6535636702182683
bootstrap,18,RPW K* (no refinement),11,0.783054822632659
bootstrap,18,RPW K* (no refinement),12,0.5806584929053589
bootstrap,18,RPW K* (no refinement),13,0.43643771827706634
bootstrap,18,RPW K* (no refinement),14,0.6744815148782687
bootstrap,18,RPW K* (no refinement),15,0.6610392046520353
bootstrap,18,RPW K* (no refinement),16,0.5888529886914378
bootstrap,18,RPW K* (no refinement),17,0.3744292237442922
bootstrap,18,RPW K* (no refinement),18,0.44275264964920136
bootstrap,18,RPW K* (no refinement),19,0.8111140099139056
bootstrap,18,RPW K* (no refinement),20,0.30318471337579617
bootstrap,18,RPW K* (no refinement),21,0.23408863712095968
bootstrap,18,RPW K* (no refinement),22,0.8689138576779026
bootstrap,18,RPW K* (no refinement),23,0.42850818946436475
bootstrap,18,RPW K* (no refinement),24,0.313214894134826
bootstrap,18,RPW K* (no refinement),25,0.6114790286975718
bootstrap,18,RPW K* (no refinement),26,0.4560878243512974
bootstrap,18,RPW K* (no refinement),27,0.8249027237354085
bootstrap,18,RPW K* (no refinement),28,0.5932203389830508
bootstrap,18,RPW K* (no refinement),29,0.9388145315487572
bootstrap,18,RPW K* (no refinement),30,0.8484848484848485
bootstrap,19,ZSH,0,0.9783985523637186
bootstrap,19,ZSH,1,0.35560738581146745
bootstrap,19,ZSH,2,0.9755113208837813
bootstrap,19,ZSH,3,0.9643382610523366
bootstrap,19,ZSH,4,0.9108461486349163
bootstrap,19,ZSH,5,0.39603701117318435
bootstrap,19,ZSH,6,0.7904881764588991
bootstrap,19,ZSH,7,0.6612914994527544
bootstrap,19,ZSH,8,0.9102219568030258
bootstrap,19,ZSH,9,0.9804657179818888
bootstrap,19,ZSH,10,0.8395692239369379
bootstrap,19,ZSH,11,0.7304327264128636
bootstrap,19,ZSH,12,0.9553732567678425
bootstrap,19,ZSH,13,0.8468606431852986
bootstrap,19,ZSH,14,0.17065772669220944
bootstrap,19,ZSH,15,0.6844741235392321
bootstrap,19,ZSH,16,0.8413344182262001
bootstrap,19,ZSH,17,0.7456024626209323
bootstrap,19,ZSH,18,0.5341594651883255
bootstrap,19,ZSH,19,0.19777341191879502
bootstrap,19,ZSH,20,0.6814345991561181
bootstrap,19,ZSH,21,0.6357994041708044
bootstrap,19,ZSH,22,0.22391067080849636
bootstrap,19,ZSH,23,0.473644578313253
bootstrap,19,ZSH,24,0.9160644802668149
bootstrap,19,ZSH,25,0.4194200944032367
bootstrap,19,ZSH,26,0.547911547911548
bootstrap,19,ZSH,27,0.5742489270386266
bootstrap,19,ZSH,28,0.905982905982906
bootstrap,19,ZSH,29,0.9047619047619048
bootstrap,19,ZSH,30,0.6858638743455497
bootstrap,19,KMeans++ K*,0,0.9107737314637345
bootstrap,19,KMeans++ K*,1,0.7071958812260536
bootstrap,19,KMeans++ K*,2,0.503598038591352
bootstrap,19,KMeans++ K*,3,0.6214892930162488
bootstrap,19,KMeans++ K*,4,0.940351395245829
bootstrap,19,KMeans++ K*,5,0.3627070128808015
bootstrap,19,KMeans++ K*,6,0.8780861831007514
bootstrap,19,KMeans++ K*,7,0.8143296703296703
bootstrap,19,KMeans++ K*,8,0.4303011864922422
bootstrap,19,KMeans++ K*,9,0.8784230154501864
bootstrap,19,KMeans++ K*,10,0.5608793180798565
bootstrap,19,KMeans++ K*,11,0.8173890063424947
bootstrap,19,KMeans++ K*,12,0.6808396124865447
bootstrap,19,KMeans++ K*,13,0.8619115549215407
bootstrap,19,KMeans++ K*,14,0.748032495557248
bootstrap,19,KMeans++ K*,15,0.804426825239511
bootstrap,19,KMeans++ K*,16,0.6990466798159106
bootstrap,19,KMeans++ K*,17,0.9558603491271821
bootstrap,19,KMeans++ K*,18,0.8836015861908094
bootstrap,19,KMeans++ K*,19,0.6693981350664029
bootstrap,19,KMeans++ K*,20,0.9507667473769169
bootstrap,19,KMeans++ K*,21,0.8215317919075145
bootstrap,19,KMeans++ K*,22,0.9710799819249887
bootstrap,19,KMeans++ K*,23,0.890462700661001
bootstrap,19,KMeans++ K*,24,0.6949852507374631
bootstrap,19,KMeans++ K*,25,0.9536784741144414
bootstrap,19,KMeans++ K*,26,0.9470842332613391
bootstrap,19,KMeans++ K*,27,0.9463722397476341
bootstrap,19,KMeans++ K*,28,0.12021213906894519
bootstrap,19,KMeans++ K*,29,0.9530201342281879
bootstrap,19,KMeans++ K*,30,0.9959349593495935
bootstrap,19,RPW K* (no refinement),0,0.4758215799346905
bootstrap,19,RPW K* (no refinement),1,0.9781182856496664
bootstrap,19,RPW K* (no refinement),2,0.978248974008208
bootstrap,19,RPW K* (no refinement),3,0.42158715162966465
bootstrap,19,RPW K* (no refinement),4,0.9641356122163071
bootstrap,19,RPW K* (no refinement),5,0.9098427331887202
bootstrap,19,RPW K* (no refinement),6,0.6669593210418496
bootstrap,19,RPW K* (no refinement),7,0.8950128636453591
bootstrap,19,RPW K* (no refinement),8,0.7103645147123407
bootstrap,19,RPW K* (no refinement),9,0.9803388953563575
bootstrap,19,RPW K* (no refinement),10,0.5514097180563887
bootstrap,19,RPW K* (no refinement),11,0.9574013157894737
bootstrap,19,RPW K* (no refinement),12,0.8486550902281239
bootstrap,19,RPW K* (no refinement),13,0.0907928388746803
bootstrap,19,RPW K* (no refinement),14,0.6934965570007651
bootstrap,19,RPW K* (no refinement),15,0.8447675609256604
bootstrap,19,RPW K* (no refinement),16,0.7447229551451188
bootstrap,19,RPW K* (no refinement),17,0.5505469008949287
bootstrap,19,RPW K* (no refinement),18,0.20513424399434763
bootstrap,19,RPW K* (no refinement),19,0.6366807874408174
bootstrap,19,RPW K* (no refinement),20,0.7034538586076633
bootstrap,19,RPW K* (no refinement),21,0.22048494983277592
bootstrap,19,RPW K* (no refinement),22,0.9326542161856254
bootstrap,19,RPW K* (no refinement),23,0.5656979124027834
bootstrap,19,RPW K* (no refinement),24,0.4199864956110736
bootstrap,19,RPW K* (no refinement),25,0.44574599260172626
bootstrap,19,RPW K* (no refinement),26,0.6840934371523916
bootstrap,19,RPW K* (no refinement),27,0.9153515064562411
bootstrap,19,RPW K* (no refinement),28,0.8326118326118326
bootstrap,19,RPW K* (no refinement),29,0.9187620889748549
bootstrap,19,RPW K* (no refinement),30,0.9597069597069597
bootstrap,20,ZSH,0,0.9563294637921503
bootstrap,20,ZSH,1,0.6679022658452543
bootstrap,20,ZSH,2,0.8945452093587756
bootstrap,20,ZSH,3,0.9009344528710725
bootstrap,20,ZSH,4,0.9065827686350436
bootstrap,20,ZSH,5,0.6448598130841121
bootstrap,20,ZSH,6,0.7322503008423586
bootstrap,20,ZSH,7,0.7745042891295176
bootstrap,20,ZSH,8,0.957992130171222
bootstrap,20,ZSH,9,0.9310301028832719
bootstrap,20,ZSH,10,0.6044736563129439
bootstrap,20,ZSH,11,0.636709903232448
bootstrap,20,ZSH,12,0.8876690533015116
bootstrap,20,ZSH,13,0.8344735524778909
bootstrap,20,ZSH,14,0.9187742292781983
bootstrap,20,ZSH,15,0.18782549304191923
bootstrap,20,ZSH,16,0.819054936611602
bootstrap,20,ZSH,17,0.6509772636617471
bootstrap,20,ZSH,18,0.5028098657508586
bootstrap,20,ZSH,19,0.6405915130732962
bootstrap,20,ZSH,20,0.5627717391304348
bootstrap,20,ZSH,21,0.5720127214902317
bootstrap,20,ZSH,22,0.212025685931115
bootstrap,20,ZSH,23,0.6770975056689342
bootstrap,20,ZSH,24,0.853429203539823
bootstrap,20,ZSH,25,0.16526019690576652
bootstrap,20,ZSH,26,0.45330859616573904
bootstrap,20,ZSH,27,0.7531380753138075
bootstrap,20,ZSH,28,0.8778409090909091
bootstrap,20,ZSH,29,0.8948374760994264
bootstrap,20,ZSH,30,0.9267015706806283
bootstrap,20,KMeans++ K*,0,0.9399758088902328
bootstrap,20,KMeans++ K*,1,0.7999508780547709
bootstrap,20,KMeans++ K*,2,0.4339821472848996
bootstrap,20,KMeans++ K*,3,0.6328673260761453
bootstrap,20,KMeans++ K*,4,0.950594353640416
bootstrap,20,KMeans++ K*,5,0.3960466439135381
bootstrap,20,KMeans++ K*,6,0.9219737481769568
bootstrap,20,KMeans++ K*,7,0.749768375540457
bootstrap,20,KMeans++ K*,8,0.4994488080474025
bootstrap,20,KMeans++ K*,9,0.8844526418574373
bootstrap,20,KMeans++ K*,10,0.7709170974535707
bootstrap,20,KMeans++ K*,11,0.7607029598308668
bootstrap,20,KMeans++ K*,12,0.8895509373637552
bootstrap,20,KMeans++ K*,13,0.8654670094258783
bootstrap,20,KMeans++ K*,14,0.8016895166874394
bootstrap,20,KMeans++ K*,15,0.18756430041152264
bootstrap,20,KMeans++ K*,16,0.7408621537452876
bootstrap,20,KMeans++ K*,17,0.9461499748364368
bootstrap,20,KMeans++ K*,18,0.769025641025641
bootstrap,20,KMeans++ K*,19,0.9506891271056661
bootstrap,20,KMeans++ K*,20,0.9768292682926829
bootstrap,20,KMeans++ K*,21,0.950123660346249
bootstrap,20,KMeans++ K*,22,0.9731574158325751
bootstrap,20,KMeans++ K*,23,0.9901605385810461
bootstrap,20,KMeans++ K*,24,0.9773507206588882
bootstrap,20,KMeans++ K*,25,0.9935956084172004
bootstrap,20,KMeans++ K*,26,0.947481243301179
bootstrap,20,KMeans++ K*,27,0.9950248756218906
bootstrap,20,KMeans++ K*,28,0.9523809523809523
bootstrap,20,KMeans++ K*,29,0.993006993006993
bootstrap,20,KMeans++ K*,30,0.9919354838709677
bootstrap,20,RPW K* (no refinement),0,0.8340455287079481
bootstrap,20,RPW K* (no refinement),1,0.9562237453017909
bootstrap,20,RPW K* (no refinement),2,0.8960539629005059
bootstrap,20,RPW K* (no refinement),3,0.7564793285317303
bootstrap,20,RPW K* (no refinement),4,0.9008734511476741
bootstrap,20,RPW K* (no refinement),5,0.9059279241889742
bootstrap,20,RPW K* (no refinement),6,0.751131221719457
bootstrap,20,RPW K* (no refinement),7,0.9560008481764207
bootstrap,20,RPW K* (no refinement),8,0.6531557067271353
bootstrap,20,RPW K* (no refinement),9,0.9610798060542524
bootstrap,20,RPW K* (no refinement),10,0.6299172371513232
bootstrap,20,RPW K* (no refinement),11,0.8872970391595033
bootstrap,20,RPW K* (no refinement),12,0.8352253756260434
bootstrap,20,RPW K* (no refinement),13,0.8990130419457173
bootstrap,20,RPW K* (no refinement),14,0.19136800885332425
bootstrap,20,RPW K* (no refinement),15,0.8197193926580819
bootstrap,20,RPW K* (no refinement),16,0.6507081587871534
bootstrap,20,RPW K* (no refinement),17,0.5021018215787015
bootstrap,20,RPW K* (no refinement),18,0.6407891915076132
bootstrap,20,RPW K* (no refinement),19,0.5737106344135098
bootstrap,20,RPW K* (no refinement),20,0.579400333148251
bootstrap,20,RPW K* (no refinement),21,0.17421138877509218
bootstrap,20,RPW K* (no refinement),22,0.865654862282181
bootstrap,20,RPW K* (no refinement),23,0.8072108162243365
bootstrap,20,RPW K* (no refinement),24,0.16596244131455398
bootstrap,20,RPW K* (no refinement),25,0.6810035842293907
bootstrap,20,RPW K* (no refinement),26,0.4339268978444236
bootstrap,20,RPW K* (no refinement),27,0.8842857142857142
bootstrap,20,RPW K* (no refinement),28,0.5563041385948027
bootstrap,20,RPW K* (no refinement),29,0.9087378640776699
bootstrap,20,RPW K* (no refinement),30,0.7711864406779662
bootstrap,21,ZSH,0,0.9708770551596431
bootstrap,21,ZSH,1,0.8705663099675364
bootstrap,21,ZSH,2,0.9764456885369017
bootstrap,21,ZSH,3,0.9499511377914281
bootstrap,21,ZSH,4,0.9163838740328492
bootstrap,21,ZSH,5,0.894944991730783
bootstrap,21,ZSH,6,0.8424017905379332
bootstrap,21,ZSH,7,0.9546883184913567
bootstrap,21,ZSH,8,0.9516364394413175
bootstrap,21,ZSH,9,0.9877268572920747
bootstrap,21,ZSH,10,0.9305818503092264
bootstrap,21,ZSH,11,0.6558395872420263
bootstrap,21,ZSH,12,0.912339209147213
bootstrap,21,ZSH,13,0.5735575608422204
bootstrap,21,ZSH,14,0.9404010397326402
bootstrap,21,ZSH,15,0.8617683686176837
bootstrap,21,ZSH,16,0.8096064814814815
bootstrap,21,ZSH,17,0.22399278412507517
bootstrap,21,ZSH,18,0.5555927102491223
bootstrap,21,ZSH,19,0.1995159423339998
bootstrap,21,ZSH,20,0.3602414183327046
bootstrap,21,ZSH,21,0.5416281221091582
bootstrap,21,ZSH,22,0.9656345695814903
bootstrap,21,ZSH,23,0.3910811677895412
bootstrap,21,ZSH,24,0.8893150684931507
bootstrap,21,ZSH,25,0.40349740932642486
bootstrap,21,ZSH,26,0.39714285714285713
bootstrap,21,ZSH,27,0.7946353730092205
bootstrap,21,ZSH,28,0.8830985915492958
bootstrap,21,ZSH,29,0.9094412331406551
bootstrap,21,ZSH,30,0.9319371727748691
bootstrap,21,KMeans++ K*,0,0.9825973896084412
bootstrap,21,KMeans++ K*,1,0.9782472417251755
bootstrap,21,KMeans++ K*,2,0.9879001590264813
bootstrap,21,KMeans++ K*,3,0.9245078170237406
bootstrap,21,KMeans++ K*,4,0.8245626769253103
bootstrap,21,KMeans++ K*,5,0.8688971311785633
bootstrap,21,KMeans++ K*,6,0.6992263056092843
bootstrap,21,KMeans++ K*,7,0.9344877344877345
bootstrap,21,KMeans++ K*,8,0.3851648808040535
bootstrap,21,KMeans++ K*,9,0.8866775421424687
bootstrap,21,KMeans++ K*,10,0.9328189910979229
bootstrap,21,KMeans++ K*,11,0.9977557755775578
bootstrap,21,KMeans++ K*,12,0.7569987210459003
bootstrap,21,KMeans++ K*,13,0.30131314326274694
bootstrap,21,KMeans++ K*,14,0.859511606873681
bootstrap,21,KMeans++ K*,15,0.8079287031346035
bootstrap,21,KMeans++ K*,16,0.6622429633950707
bootstrap,21,KMeans++ K*,17,0.6067073170731707
bootstrap,21,KMeans++ K*,18,0.8033720166411211
bootstrap,21,KMeans++ K*,19,0.6886192952050838
bootstrap,21,KMeans++ K*,20,0.6265348906858341
bootstrap,21,KMeans++ K*,21,0.38473471920570895
bootstrap,21,KMeans++ K*,22,0.19916820702402957
bootstrap,21,KMeans++ K*,23,0.5037147102526003
bootstrap,21,KMeans++ K*,24,0.8240574506283662
bootstrap,21,KMeans++ K*,25,0.983710407239819
bootstrap,21,KMeans++ K*,26,0.8912087912087913
bootstrap,21,KMeans++ K*,27,0.7861842105263158
bootstrap,21,KMeans++ K*,28,0.19084628670120898
bootstrap,21,KMeans++ K*,29,0.9403508771929825
bootstrap,21,KMeans++ K*,30,0.9959349593495935
bootstrap,21,RPW K* (no refinement),0,0.947500391788121
bootstrap,21,RPW K* (no refinement),1,0.9709331687335166
bootstrap,21,RPW K* (no refinement),2,0.976377415170342
bootstrap,21,RPW K* (no refinement),3,0.8745587658517453
bootstrap,21,RPW K* (no refinement),4,0.9499511377914281
bootstrap,21,RPW K* (no refinement),5,0.9172324823465507
bootstrap,21,RPW K* (no refinement),6,0.9532490187527257
bootstrap,21,RPW K* (no refinement),7,0.9533187454412837
bootstrap,21,RPW K* (no refinement),8,0.9307857911733046
bootstrap,21,RPW K* (no refinement),9,0.987596291944118
bootstrap,21,RPW K* (no refinement),10,0.6645115786998942
bootstrap,21,RPW K* (no refinement),11,0.9126151890689546
bootstrap,21,RPW K* (no refinement),12,0.5799585348997927
bootstrap,21,RPW K* (no refinement),13,0.9413154069767442
bootstrap,21,RPW K* (no refinement),14,0.856670113753878
bootstrap,21,RPW K* (no refinement),15,0.8109520123839009
bootstrap,21,RPW K* (no refinement),16,0.2722277722277722
bootstrap,21,RPW K* (no refinement),17,0.5558341691741893
bootstrap,21,RPW K* (no refinement),18,0.19818124804013798
bootstrap,21,RPW K* (no refinement),19,0.5823515268093291
bootstrap,21,RPW K* (no refinement),20,0.5061437908496732
bootstrap,21,RPW K* (no refinement),21,0.9656345695814903
bootstrap,21,RPW K* (no refinement),22,0.9169510807736063
bootstrap,21,RPW K* (no refinement),23,0.7585287846481876
bootstrap,21,RPW K* (no refinement),24,0.40990838140481844
bootstrap,21,RPW K* (no refinement),25,0.8173076923076923
bootstrap,21,RPW K* (no refinement),26,0.5173501577287066
bootstrap,21,RPW K* (no refinement),27,0.867816091954023
bootstrap,21,RPW K* (no refinement),28,0.5756676557863502
bootstrap,21,RPW K* (no refinement),29,0.887189292543021
bootstrap,21,RPW K* (no refinement),30,0.78
bootstrap,22,ZSH,0,0.9975761772853186
bootstrap,22,ZSH,1,0.9165896630320951
bootstrap,22,ZSH,2,0.9750850918992512
bootstrap,22,ZSH,3,0.98767258382643
bootstrap,22,ZSH,4,0.9127250739048642
bootstrap,22,ZSH,5,0.9135199170738931
bootstrap,22,ZSH,6,0.8872583275098999
bootstrap,22,ZSH,7,0.45006494443642664
bootstrap,22,ZSH,8,0.9145299145299145
bootstrap,22,ZSH,9,0.9750898818695429
bootstrap,22,ZSH,10,0.9265565438373571
bootstrap,22,ZSH,11,0.7299235743680188
bootstrap,22,ZSH,12,0.927007299270073
bootstrap,22,ZSH,13,0.5722518976665729
bootstrap,22,ZSH,14,0.8305702313718346
bootstrap,22,ZSH,15,0.3946976149914821
bootstrap,22,ZSH,16,0.7642883825177438
bootstrap,22,ZSH,17,0.2994261867501304
bootstrap,22,ZSH,18,0.47303353422963995
bootstrap,22,ZSH,19,0.26456542502387775
bootstrap,22,ZSH,20,0.5416119716461013
bootstrap,22,ZSH,21,0.605833956619297
bootstrap,22,ZSH,22,0.3102575390710984
bootstrap,22,ZSH,23,0.8240837696335078
bootstrap,22,ZSH,24,0.9112359550561798
bootstrap,22,ZSH,25,0.8943661971830986
bootstrap,22,ZSH,26,0.8152766952455183
bootstrap,22,ZSH,27,0.48842592592592593
bootstrap,22,ZSH,28,0.8871428571428571
bootstrap,22,ZSH,29,0.896421845574388
bootstrap,22,ZSH,30,0.6910994764397905
bootstrap,22,KMeans++ K*,0,0.9752289446029124
bootstrap,22,KMeans++ K*,1,0.9600398356778289
bootstrap,22,KMeans++ K*,2,0.9644614543466375
bootstrap,22,KMeans++ K*,3,0.5957611215365934
bootstrap,22,KMeans++ K*,4,0.9207189737470167
bootstrap,22,KMeans++ K*,5,0.3730537242249965
bootstrap,22,KMeans++ K*,6,0.6704490417214419
bootstrap,22,KMeans++ K*,7,0.7157937147461725
bootstrap,22,KMeans++ K*,8,0.6297706830888907
bootstrap,22,KMeans++ K*,9,0.8749862198214089
bootstrap,22,KMeans++ K*,10,0.6070953015027583
bootstrap,22,KMeans++ K*,11,0.9877204441541476
bootstrap,22,KMeans++ K*,12,0.5348567818028643
bootstrap,22,KMeans++ K*,13,0.16577215189873418
bootstrap,22,KMeans++ K*,14,0.7136423841059603
bootstrap,22,KMeans++ K*,15,0.5438944830520493
bootstrap,22,KMeans++ K*,16,0.6158169409875552
bootstrap,22,KMeans++ K*,17,0.9098786828422877
bootstrap,22,KMeans++ K*,18,0.5849023403132149
bootstrap,22,KMeans++ K*,19,0.5512367491166078
bootstrap,22,KMeans++ K*,20,0.5174753987105531
bootstrap,22,KMeans++ K*,21,0.1479361775927853
bootstrap,22,KMeans++ K*,22,0.9140311804008908
bootstrap,22,KMeans++ K*,23,0.8771028037383177
bootstrap,22,KMeans++ K*,24,0.6122249388753056
bootstrap,22,KMeans++ K*,25,0.5656414103525882
bootstrap,22,KMeans++ K*,26,0.48259860788863107
bootstrap,22,KMeans++ K*,27,0.9507154213036566
bootstrap,22,KMeans++ K*,28,0.09137055837563451
bootstrap,22,KMeans++ K*,29,0.6549295774647887
bootstrap,22,KMeans++ K*,30,0.4219554030874786
bootstrap,22,RPW K* (no refinement),0,0.8578448828431023
bootstrap,22,RPW K* (no refinement),1,0.9969461250360127
bootstrap,22,RPW K* (no refinement),2,0.9454843557863096
bootstrap,22,RPW K* (no refinement),3,0.8672444971004551
bootstrap,22,RPW K* (no refinement),4,0.9864684848909766
bootstrap,22,RPW K* (no refinement),5,0.6238485804416404
bootstrap,22,RPW K* (no refinement),6,0.4573201529691897
bootstrap,22,RPW K* (no refinement),7,0.8947523007636577
bootstrap,22,RPW K* (no refinement),8,0.9060044011317195
bootstrap,22,RPW K* (no refinement),9,0.9754331523144556
bootstrap,22,RPW K* (no refinement),10,0.7320562847345394
bootstrap,22,RPW K* (no refinement),11,0.7793906524166534
bootstrap,22,RPW K* (no refinement),12,0.5646860514117151
bootstrap,22,RPW K* (no refinement),13,0.0995858936681806
bootstrap,22,RPW K* (no refinement),14,0.4014182873106264
bootstrap,22,RPW K* (no refinement),15,0.7477595220313666
bootstrap,22,RPW K* (no refinement),16,0.29685600138961266
bootstrap,22,RPW K* (no refinement),17,0.30671354428260506
bootstrap,22,RPW K* (no refinement),18,0.2943499914133608
bootstrap,22,RPW K* (no refinement),19,0.6075093867334168
bootstrap,22,RPW K* (no refinement),20,0.5140698280354351
bootstrap,22,RPW K* (no refinement),21,0.3062867087230803
bootstrap,22,RPW K* (no refinement),22,0.922945205479452
bootstrap,22,RPW K* (no refinement),23,0.7034621174109383
bootstrap,22,RPW K* (no refinement),24,0.8909730363423212
bootstrap,22,RPW K* (no refinement),25,0.7808429118773946
bootstrap,22,RPW K* (no refinement),26,0.8622685185185185
bootstrap,22,RPW K* (no refinement),27,0.8936781609195402
bootstrap,22,RPW K* (no refinement),28,0.8872832369942196
bootstrap,22,RPW K* (no refinement),29,0.9101338432122371
bootstrap,22,RPW K* (no refinement),30,0.967032967032967
bootstrap,23,ZSH,0,0.9782866836301951
bootstrap,23,ZSH,1,0.7026633599309898
bootstrap,23,ZSH,2,0.9775849108180141
bootstrap,23,ZSH,3,0.9595755079243176
bootstrap,23,ZSH,4,0.9760295895867416
bootstrap,23,ZSH,5,0.7170749542961609
bootstrap,23,ZSH,6,0.7641586867305061
bootstrap,23,ZSH,7,0.41311820413889866
bootstrap,23,ZSH,8,0.973313246529646
bootstrap,23,ZSH,9,0.9678530424799081
bootstrap,23,ZSH,10,0.874048806087641
bootstrap,23,ZSH,11,0.7269208211143695
bootstrap,23,ZSH,12,0.9775392237819983
bootstrap,23,ZSH,13,0.8823039786915265
bootstrap,23,ZSH,14,0.9515945330296127
bootstrap,23,ZSH,15,0.3066158971918134
bootstrap,23,ZSH,16,0.8205560235888796
bootstrap,23,ZSH,17,0.851063829787234
bootstrap,23,ZSH,18,0.7658215212617289
bootstrap,23,ZSH,19,0.6896325459317585
bootstrap,23,ZSH,20,0.8488184747583244
bootstrap,23,ZSH,21,0.6513939393939394
bootstrap,23,ZSH,22,0.35456369107321967
bootstrap,23,ZSH,23,0.82266731802638
bootstrap,23,ZSH,24,0.9313616071428571
bootstrap,23,ZSH,25,0.3318207600680658
bootstrap,23,ZSH,26,0.6758620689655173
bootstrap,23,ZSH,27,0.43360234776228906
bootstrap,23,ZSH,28,0.8676880222841226
bootstrap,23,ZSH,29,0.8857677902621723
bootstrap,23,ZSH,30,0.7041884816753927
bootstrap,23,KMeans++ K*,0,0.9857676038815626
bootstrap,23,KMeans++ K*,1,0.9614337006314225
bootstrap,23,KMeans++ K*,2,0.9716331780574289
bootstrap,23,KMeans++ K*,3,0.603331683984826
bootstrap,23,KMeans++ K*,4,0.9341662302685718
bootstrap,23,KMeans++ K*,5,0.3747365462975973
bootstrap,23,KMeans++ K*,6,0.7548901059819333
bootstrap,23,KMeans++ K*,7,0.8949880668257757
bootstrap,23,KMeans++ K*,8,0.6170345041964563
bootstrap,23,KMeans++ K*,9,0.8814415998241951
bootstrap,23,KMeans++ K*,10,0.8336197311230162
bootstrap,23,KMeans++ K*,11,0.9945824524312896
bootstrap,23,KMeans++ K*,12,0.4762011674898967
bootstrap,23,KMeans++ K*,13,0.16383055756698045
bootstrap,23,KMeans++ K*,14,0.8290272483410984
bootstrap,23,KMeans++ K*,15,0.7554030373831776
bootstrap,23,KMeans++ K*,16,0.8278976417461114
bootstrap,23,KMeans++ K*,17,0.870800395256917
bootstrap,23,KMeans++ K*,18,0.592473844076949
bootstrap,23,KMeans++ K*,19,0.538441215323646
bootstrap,23,KMeans++ K*,20,0.5190082644628099
bootstrap,23,KMeans++ K*,21,0.5432449494949495
bootstrap,23,KMeans++ K*,22,0.40645773979107314
bootstrap,23,KMeans++ K*,23,0.5937893411665968
bootstrap,23,KMeans++ K*,24,0.6948130277442702
bootstrap,23,KMeans++ K*,25,0.9501359927470535
bootstrap,23,KMeans++ K*,26,0.9146341463414634
bootstrap,23,KMeans++ K*,27,0.8861386138613861
bootstrap,23,KMeans++ K*,28,0.23099133782483156
bootstrap,23,KMeans++ K*,29,0.9754385964912281
bootstrap,23,KMeans++ K*,30,0.991869918699187
bootstrap,23,RPW K* (no refinement),0,0.9928756476683938
bootstrap,23,RPW K* (no refinement),1,0.9785104337499293
bootstrap,23,RPW K* (no refinement),2,0.9781805745554035
bootstrap,23,RPW K* (no refinement),3,0.9567093728927849
bootstrap,23,RPW K* (no refinement),4,0.9598519759810082
bootstrap,23,RPW K* (no refinement),5,0.9724118316268487
bootstrap,23,RPW K* (no refinement),6,0.4049569418189456
bootstrap,23,RPW K* (no refinement),7,0.9774760211229658
bootstrap,23,RPW K* (no refinement),8,0.9914606741573033
bootstrap,23,RPW K* (no refinement),9,0.9693173101508565
bootstrap,23,RPW K* (no refinement),10,0.7456802764623064
bootstrap,23,RPW K* (no refinement),11,0.9700231864855913
bootstrap,23,RPW K* (no refinement),12,0.8227091633466136
bootstrap,23,RPW K* (no refinement),13,0.9615812917594655
bootstrap,23,RPW K* (no refinement),14,0.3126381547333013
bootstrap,23,RPW K* (no refinement),15,0.8045785639958377
bootstrap,23,RPW K* (no refinement),16,0.4871077353587847
bootstrap,23,RPW K* (no refinement),17,0.7550455085081124
bootstrap,23,RPW K* (no refinement),18,0.7017387427552385
bootstrap,23,RPW K* (no refinement),19,0.6055581503970108
bootstrap,23,RPW K* (no refinement),20,0.5252735799895779
bootstrap,23,RPW K* (no refinement),21,0.34979576680282215
bootstrap,23,RPW K* (no refinement),22,0.9388920616790406
bootstrap,23,RPW K* (no refinement),23,0.710379746835443
bootstrap,23,RPW K* (no refinement),24,0.25320608410378764
bootstrap,23,RPW K* (no refinement),25,0.8051242236024845
bootstrap,23,RPW K* (no refinement),26,0.884393063583815
bootstrap,23,RPW K* (no refinement),27,0.8792613636363636
bootstrap,23,RPW K* (no refinement),28,0.8900144717800289
bootstrap,23,RPW K* (no refinement),29,0.9099616858237548
bootstrap,23,RPW K* (no refinement),30,0.9706959706959707
bootstrap,24,ZSH,0,0.9989603188355571
bootstrap,24,ZSH,1,0.9839521110615805
bootstrap,24,ZSH,2,0.994027186598929
bootstrap,24,ZSH,3,0.9957654033453314
bootstrap,24,ZSH,4,0.9555116164112704
bootstrap,24,ZSH,5,0.9741875291556523
bootstrap,24,ZSH,6,0.9339822592040191
bootstrap,24,ZSH,7,0.9496384072492812
bootstrap,24,ZSH,8,0.9401426651504187
bootstrap,24,ZSH,9,0.9967230305413554
bootstrap,24,ZSH,10,0.9852152296218762
bootstrap,24,ZSH,11,0.702906976744186
bootstrap,24,ZSH,12,0.9726568934277714
bootstrap,24,ZSH,13,0.8124251240800958
bootstrap,24,ZSH,14,0.8354174328797352
bootstrap,24,ZSH,15,0.8533988533988534
bootstrap,24,ZSH,16,0.7953620829943043
bootstrap,24,ZSH,17,0.6706978588421887
bootstrap,24,ZSH,18,0.5618522233366767
bootstrap,24,ZSH,19,0.19554911772451936
bootstrap,24,ZSH,20,0.8491228070175438
bootstrap,24,ZSH,21,0.7274569402228976
bootstrap,24,ZSH,22,0.9543470963410541
bootstrap,24,ZSH,23,0.8245441103992114
bootstrap,24,ZSH,24,0.9474566797093348
bootstrap,24,ZSH,25,0.2304699191858725
bootstrap,24,ZSH,26,0.6748942172073342
bootstrap,24,ZSH,27,0.450487012987013
bootstrap,24,ZSH,28,0.952247191011236
bootstrap,24,ZSH,29,0.9631782945736435
bootstrap,24,ZSH,30,0.7539267015706806
bootstrap,24,KMeans++ K*,0,0.984273727578757
bootstrap,24,KMeans++ K*,1,0.9663566568878347
bootstrap,24,KMeans++ K*,2,0.968215994531784
bootstrap,24,KMeans++ K*,3,0.7483346106231209
bootstrap,24,KMeans++ K*,4,0.8358642737775195
bootstrap,24,KMeans++ K*,5,0.5318807481019691
bootstrap,24,KMeans++ K*,6,0.7827658095899931
bootstrap,24,KMeans++ K*,7,0.6884301138021593
bootstrap,24,KMeans++ K*,8,0.3548847159496078
bootstrap,24,KMeans++ K*,9,0.9019629225736095
bootstrap,24,KMeans++ K*,10,0.7813790255986788
bootstrap,24,KMeans++ K*,11,0.9814550641940085
bootstrap,24,KMeans++ K*,12,0.6912378303198887
bootstrap,24,KMeans++ K*,13,0.2685496525442726
bootstrap,24,KMeans++ K*,14,0.6721846584285381
bootstrap,24,KMeans++ K*,15,0.21662550370466657
bootstrap,24,KMeans++ K*,16,0.7514106077704337
bootstrap,24,KMeans++ K*,17,0.9269078295341923
bootstrap,24,KMeans++ K*,18,0.6247433264887063
bootstrap,24,KMeans++ K*,19,0.7228274638966303
bootstrap,24,KMeans++ K*,20,0.5727339181286549
bootstrap,24,KMeans++ K*,21,0.2408783783783784
bootstrap,24,KMeans++ K*,22,0.9040178571428571
bootstrap,24,KMeans++ K*,23,0.9448134900357691
bootstrap,24,KMeans++ K*,24,0.931986531986532
bootstrap,24,KMeans++ K*,25,0.9890210430009149
bootstrap,24,KMeans++ K*,26,0.9410456062291435
bootstrap,24,KMeans++ K*,27,0.6676737160120846
bootstrap,24,KMeans++ K*,28,0.9279835390946503
bootstrap,24,KMeans++ K*,29,1.0
bootstrap,24,KMeans++ K*,30,0.9879032258064516
bootstrap,24,RPW K* (no refinement),0,0.8729217869018361
bootstrap,24,RPW K* (no refinement),1,0.9983841181902123
bootstrap,24,RPW K* (no refinement),2,0.9900514579759863
bootstrap,24,RPW K* (no refinement),3,0.8989210675752414
bootstrap,24,RPW K* (no refinement),4,0.9853968253968254
bootstrap,24,RPW K* (no refinement),5,0.6156102112910751
bootstrap,24,RPW K* (no refinement),6,0.9467141863699583
bootstrap,24,RPW K* (no refinement),7,0.9296835249821919
bootstrap,24,RPW K* (no refinement),8,0.9181962864721486
bootstrap,24,RPW K* (no refinement),9,0.9951494493969586
bootstrap,24,RPW K* (no refinement),10,0.6940228811580668
bootstrap,24,RPW K* (no refinement),11,0.8784150822815147
bootstrap,24,RPW K* (no refinement),12,0.718266253869969
bootstrap,24,RPW K* (no refinement),13,0.10017562820859227
bootstrap,24,RPW K* (no refinement),14,0.8492647058823529
bootstrap,24,RPW K* (no refinement),15,0.7955721084212705
bootstrap,24,RPW K* (no refinement),16,0.6719808688720605
bootstrap,24,RPW K* (no refinement),17,0.5879986004198741
bootstrap,24,RPW K* (no refinement),18,0.19514415781487102
bootstrap,24,RPW K* (no refinement),19,0.7242955064737243
bootstrap,24,RPW K* (no refinement),20,0.8647608576140736
bootstrap,24,RPW K* (no refinement),21,0.9536912751677852
bootstrap,24,RPW K* (no refinement),22,0.9602498580352072
bootstrap,24,RPW K* (no refinement),23,0.9840746842394289
bootstrap,24,RPW K* (no refinement),24,0.22445363260484347
bootstrap,24,RPW K* (no refinement),25,0.9799498746867168
bootstrap,24,RPW K* (no refinement),26,0.9794188861985472
bootstrap,24,RPW K* (no refinement),27,0.9603960396039604
bootstrap,24,RPW K* (no refinement),28,0.9654654654654654
bootstrap,24,RPW K* (no refinement),29,0.9861660079051383
bootstrap,24,RPW K* (no refinement),30,0.9479166666666666
bootstrap,25,ZSH,0,0.9600443951165372
bootstrap,25,ZSH,1,0.564406612871482
bootstrap,25,ZSH,2,0.8878504672897196
bootstrap,25,ZSH,3,0.9020322733103774
bootstrap,25,ZSH,4,0.8981782918888966
bootstrap,25,ZSH,5,0.5541718555417185
bootstrap,25,ZSH,6,0.6542730299667037
bootstrap,25,ZSH,7,0.7754944049546062
bootstrap,25,ZSH,8,0.9486395275258385
bootstrap,25,ZSH,9,0.9268106734434561
bootstrap,25,ZSH,10,0.5766129032258065
bootstrap,25,ZSH,11,0.6157674696396576
bootstrap,25,ZSH,12,0.8691989828353465
bootstrap,25,ZSH,13,0.8379755434782609
bootstrap,25,ZSH,14,0.9371944339977435
bootstrap,25,ZSH,15,0.18410772171889286
bootstrap,25,ZSH,16,0.8217192773476275
bootstrap,25,ZSH,17,0.754919108001749
bootstrap,25,ZSH,18,0.4813678883606809
bootstrap,25,ZSH,19,0.6391929598626315
bootstrap,25,ZSH,20,0.8344994617868676
bootstrap,25,ZSH,21,0.6024154589371981
bootstrap,25,ZSH,22,0.21867084790736943
bootstrap,25,ZSH,23,0.8277723258096172
bootstrap,25,ZSH,24,0.9113573407202216
bootstrap,25,ZSH,25,0.4111962679106964
bootstrap,25,ZSH,26,0.672566371681416
bootstrap,25,ZSH,27,0.4360679970436068
bootstrap,25,ZSH,28,0.7940780619111709
bootstrap,25,ZSH,29,0.8664192949907236
bootstrap,25,ZSH,30,0.6989528795811518
bootstrap,25,KMeans++ K*,0,0.9538137505641643
bootstrap,25,KMeans++ K*,1,0.7295190116348806
bootstrap,25,KMeans++ K*,2,0.45992033856111525
bootstrap,25,KMeans++ K*,3,0.6999216133399844
bootstrap,25,KMeans++ K*,4,0.9564379908134538
bootstrap,25,KMeans++ K*,5,0.41453782549672963
bootstrap,25,KMeans++ K*,6,0.7013482407102927
bootstrap,25,KMeans++ K*,7,0.8869332312990243
bootstrap,25,KMeans++ K*,8,0.7830162152029244
bootstrap,25,KMeans++ K*,9,0.8691463141384719
bootstrap,25,KMeans++ K*,10,0.9244227564865508
bootstrap,25,KMeans++ K*,11,0.7692917547568711
bootstrap,25,KMeans++ K*,12,0.6309523809523809
bootstrap,25,KMeans++ K*,13,0.25888154208225933
bootstrap,25,KMeans++ K*,14,0.8922466422466423
bootstrap,25,KMeans++ K*,15,0.7478749459732027
bootstrap,25,KMeans++ K*,16,0.777998674618953
bootstrap,25,KMeans++ K*,17,0.8259727858677489
bootstrap,25,KMeans++ K*,18,0.6587898317221625
bootstrap,25,KMeans++ K*,19,0.6652068126520682
bootstrap,25,KMeans++ K*,20,0.5878485007890584
bootstrap,25,KMeans++ K*,21,0.2531929582326545
bootstrap,25,KMeans++ K*,22,0.28943270300333707
bootstrap,25,KMeans++ K*,23,0.5392006149116064
bootstrap,25,KMeans++ K*,24,0.7950721153846154
bootstrap,25,KMeans++ K*,25,0.9818511796733213
bootstrap,25,KMeans++ K*,26,0.8864321608040201
bootstrap,25,KMeans++ K*,27,0.7874794069192751
bootstrap,25,KMeans++ K*,28,0.20522052205220523
bootstrap,25,KMeans++ K*,29,0.9793103448275862
bootstrap,25,KMeans++ K*,30,1.0
bootstrap,25,RPW K* (no refinement),0,0.8164650224910811
bootstrap,25,RPW K* (no refinement),1,0.9600976746767301
bootstrap,25,RPW K* (no refinement),2,0.8893224786382291
bootstrap,25,RPW K* (no refinement),3,0.7338727554865884
bootstrap,25,RPW K* (no refinement),4,0.9019303455723542
bootstrap,25,RPW K* (no refinement),5,0.8983027364045723
bootstrap,25,RPW K* (no refinement),6,0.7868361458105048
bootstrap,25,RPW K* (no refinement),7,0.9522198731501057
bootstrap,25,RPW K* (no refinement),8,0.6497486007020207
bootstrap,25,RPW K* (no refinement),9,0.9524433381370365
bootstrap,25,RPW K* (no refinement),10,0.6202213279678068
bootstrap,25,RPW K* (no refinement),11,0.8720152817574021
bootstrap,25,RPW K* (no refinement),12,0.8384576184813997
bootstrap,25,RPW K* (no refinement),13,0.8980095120662321
bootstrap,25,RPW K* (no refinement),14,0.19462973908638015
bootstrap,25,RPW K* (no refinement),15,0.8229332273449921
bootstrap,25,RPW K* (no refinement),16,0.7531133930522176
bootstrap,25,RPW K* (no refinement),17,0.48197576315385793
bootstrap,25,RPW K* (no refinement),18,0.641295025728988
bootstrap,25,RPW K* (no refinement),19,0.6019864341085271
bootstrap,25,RPW K* (no refinement),20,0.8542009884678748
bootstrap,25,RPW K* (no refinement),21,0.17104856170739252
bootstrap,25,RPW K* (no refinement),22,0.922384701912261
bootstrap,25,RPW K* (no refinement),23,0.9632829373650108
bootstrap,25,RPW K* (no refinement),24,0.41207874541207873
bootstrap,25,RPW K* (no refinement),25,0.918622848200313
bootstrap,25,RPW K* (no refinement),26,0.9720534629404617
bootstrap,25,RPW K* (no refinement),27,0.8046132971506106
bootstrap,25,RPW K* (no refinement),28,0.9439655172413793
bootstrap,25,RPW K* (no refinement),29,0.8865784499054821
bootstrap,25,RPW K* (no refinement),30,0.978021978021978
bootstrap,26,ZSH,0,0.9669703235902308
bootstrap,26,ZSH,1,0.933431770641073
bootstrap,26,ZSH,2,0.9474043249880619
bootstrap,26,ZSH,3,0.9361317673222601
bootstrap,26,ZSH,4,0.9529031351047378
bootstrap,26,ZSH,5,0.9588181955568988
bootstrap,26,ZSH,6,0.8939584644430459
bootstrap,26,ZSH,7,0.4271697568717986
bootstrap,26,ZSH,8,0.9255145710209904
bootstrap,26,ZSH,9,0.9609116373822256
bootstrap,26,ZSH,10,0.9850629951941811
bootstrap,26,ZSH,11,0.7136194029850746
bootstrap,26,ZSH,12,0.9741818779805953
bootstrap,26,ZSH,13,0.8406687137495735
bootstrap,26,ZSH,14,0.9543576258452291
bootstrap,26,ZSH,15,0.37143445577180517
bootstrap,26,ZSH,16,0.8705741148229645
bootstrap,26,ZSH,17,0.4082649943720855
bootstrap,26,ZSH,18,0.4568550811785929
bootstrap,26,ZSH,19,0.2530905223979795
bootstrap,26,ZSH,20,0.43828125
bootstrap,26,ZSH,21,0.7543815087630176
bootstrap,26,ZSH,22,0.3217787913340935
bootstrap,26,ZSH,23,0.8332491157150076
bootstrap,26,ZSH,24,0.9190101237345332
bootstrap,26,ZSH,25,0.23447141094199916
bootstrap,26,ZSH,26,0.6988716502115656
bootstrap,26,ZSH,27,0.43536875495638383
bootstrap,26,ZSH,28,0.8390646492434664
bootstrap,26,ZSH,29,0.8824626865671642
bootstrap,26,ZSH,30,0.743455497382199
bootstrap,26,KMeans++ K*,0,0.9308068336441062
bootstrap,26,KMeans++ K*,1,0.7742292101707406
bootstrap,26,KMeans++ K*,2,0.4336737705885826
bootstrap,26,KMeans++ K*,3,0.6971020246129417
bootstrap,26,KMeans++ K*,4,0.9603579616892242
bootstrap,26,KMeans++ K*,5,0.42272343122755124
bootstrap,26,KMeans++ K*,6,0.548936170212766
bootstrap,26,KMeans++ K*,7,0.6737826645723262
bootstrap,26,KMeans++ K*,8,0.3390765765765766
bootstrap,26,KMeans++ K*,9,0.8864535443173314
bootstrap,26,KMeans++ K*,10,0.773976551989237
bootstrap,26,KMeans++ K*,11,0.7703488372093024
bootstrap,26,KMeans++ K*,12,0.5469535726815578
bootstrap,26,KMeans++ K*,13,0.2370475514549326
bootstrap,26,KMeans++ K*,14,0.5478708202343526
bootstrap,26,KMeans++ K*,15,0.2366367538041358
bootstrap,26,KMeans++ K*,16,0.6699285492388941
bootstrap,26,KMeans++ K*,17,0.8012180267965895
bootstrap,26,KMeans++ K*,18,0.6276150627615062
bootstrap,26,KMeans++ K*,19,0.52101506740682
bootstrap,26,KMeans++ K*,20,0.8954619124797407
bootstrap,26,KMeans++ K*,21,0.5481004901960784
bootstrap,26,KMeans++ K*,22,0.9344780840488025
bootstrap,26,KMeans++ K*,23,0.9916405433646813
bootstrap,26,KMeans++ K*,24,0.7320605661619487
bootstrap,26,KMeans++ K*,25,0.9334548769371012
bootstrap,26,KMeans++ K*,26,0.9221357063403782
bootstrap,26,KMeans++ K*,27,0.996694214876033
bootstrap,26,KMeans++ K*,28,0.96900826446281
bootstrap,26,KMeans++ K*,29,0.9859154929577465
bootstrap,26,KMeans++ K*,30,0.983739837398374
bootstrap,26,RPW K* (no refinement),0,0.9624609791757222
bootstrap,26,RPW K* (no refinement),1,0.964598316329375
bootstrap,26,RPW K* (no refinement),2,0.9048810167658193
bootstrap,26,RPW K* (no refinement),3,0.902287861805235
bootstrap,26,RPW K* (no refinement),4,0.9257115291847564
bootstrap,26,RPW K* (no refinement),5,0.7334546434829492
bootstrap,26,RPW K* (no refinement),6,0.4374954811654978
bootstrap,26,RPW K* (no refinement),7,0.9326049218829776
bootstrap,26,RPW K* (no refinement),8,0.9460081042602124
bootstrap,26,RPW K* (no refinement),9,0.9478551245825841
bootstrap,26,RPW K* (no refinement),10,0.7134646962233169
bootstrap,26,RPW K* (no refinement),11,0.8075320512820513
bootstrap,26,RPW K* (no refinement),12,0.8361716621253406
bootstrap,26,RPW K* (no refinement),13,0.955836540223566
bootstrap,26,RPW K* (no refinement),14,0.3804154922225702
bootstrap,26,RPW K* (no refinement),15,0.8760162601626016
bootstrap,26,RPW K* (no refinement),16,0.4102192134107028
bootstrap,26,RPW K* (no refinement),17,0.27535989286909945
bootstrap,26,RPW K* (no refinement),18,0.30545196235126976
bootstrap,26,RPW K* (no refinement),19,0.7556065239551478
bootstrap,26,RPW K* (no refinement),20,0.42304677292918735
bootstrap,26,RPW K* (no refinement),21,0.31389731490843725
bootstrap,26,RPW K* (no refinement),22,0.9325328759291024
bootstrap,26,RPW K* (no refinement),23,0.8795116772823779
bootstrap,26,RPW K* (no refinement),24,0.234651833539349
bootstrap,26,RPW K* (no refinement),25,0.9034045922406968
bootstrap,26,RPW K* (no refinement),26,0.9695863746958637
bootstrap,26,RPW K* (no refinement),27,0.8502080443828016
bootstrap,26,RPW K* (no refinement),28,0.9388646288209607
bootstrap,26,RPW K* (no refinement),29,0.903041825095057
bootstrap,26,RPW K* (no refinement),30,0.9475524475524476
bootstrap,27,ZSH,0,0.9741597703090694
bootstrap,27,ZSH,1,0.36584509788628033
bootstrap,27,ZSH,2,0.9696658449739798
bootstrap,27,ZSH,3,0.9561997904296193
bootstrap,27,ZSH,4,0.9099871699642109
bootstrap,27,ZSH,5,0.3854710066824747
bootstrap,27,ZSH,6,0.7911971364178709
bootstrap,27,ZSH,7,0.6352760959953315
bootstrap,27,ZSH,8,0.9083325057105969
bootstrap,27,ZSH,9,0.9760679361811632
bootstrap,27,ZSH,10,0.8030154047853163
bootstrap,27,ZSH,11,0.7270375161707633
bootstrap,27,ZSH,12,0.9082233179576905
bootstrap,27,ZSH,13,0.8347752332485157
bootstrap,27,ZSH,14,0.17032877604166666
bootstrap,27,ZSH,15,0.639193083573487
bootstrap,27,ZSH,16,0.8386313018829723
bootstrap,27,ZSH,17,0.7417871222076216
bootstrap,27,ZSH,18,0.5267163212435233
bootstrap,27,ZSH,19,0.1981958425938031
bootstrap,27,ZSH,20,0.7089069963472886
bootstrap,27,ZSH,21,0.6727364693980779
bootstrap,27,ZSH,22,0.2310088250562381
bootstrap,27,ZSH,23,0.8079404466501241
bootstrap,27,ZSH,24,0.9268156424581006
bootstrap,27,ZSH,25,0.42921270718232046
bootstrap,27,ZSH,26,0.6721991701244814
bootstrap,27,ZSH,27,0.43740095087163233
bootstrap,27,ZSH,28,0.8661087866108786
bootstrap,27,ZSH,29,0.8855534709193246
bootstrap,27,ZSH,30,0.7382198952879581
bootstrap,27,KMeans++ K*,0,0.9194938750819176
bootstrap,27,KMeans++ K*,1,0.7098769138396878
bootstrap,27,KMeans++ K*,2,0.4898900543409579
bootstrap,27,KMeans++ K*,3,0.8389409105586051
bootstrap,27,KMeans++ K*,4,0.964953442334482
bootstrap,27,KMeans++ K*,5,0.768560885608856
bootstrap,27,KMeans++ K*,6,0.7987782968020122
bootstrap,27,KMeans++ K*,7,0.7618123981689813
bootstrap,27,KMeans++ K*,8,0.525766016713092
bootstrap,27,KMeans++ K*,9,0.9214418757532595
bootstrap,27,KMeans++ K*,10,0.8536507936507937
bootstrap,27,KMeans++ K*,11,0.8015327695560254
bootstrap,27,KMeans++ K*,12,0.5268081222906685
bootstrap,27,KMeans++ K*,13,0.15358181337562782
bootstrap,27,KMeans++ K*,14,0.8810172570390554
bootstrap,27,KMeans++ K*,15,0.2494294842537654
bootstrap,27,KMeans++ K*,16,0.7614307931570762
bootstrap,27,KMeans++ K*,17,0.9232488822652757
bootstrap,27,KMeans++ K*,18,0.5770586350528677
bootstrap,27,KMeans++ K*,19,0.5304393859184754
bootstrap,27,KMeans++ K*,20,0.9108228617754357
bootstrap,27,KMeans++ K*,21,0.5751019128253371
bootstrap,27,KMeans++ K*,22,0.967741935483871
bootstrap,27,KMeans++ K*,23,0.9921996879875195
bootstrap,27,KMeans++ K*,24,0.7239344262295082
bootstrap,27,KMeans++ K*,25,0.9308462238398544
bootstrap,27,KMeans++ K*,26,0.9474860335195531
bootstrap,27,KMeans++ K*,27,0.9966832504145937
bootstrap,27,KMeans++ K*,28,0.9670103092783505
bootstrap,27,KMeans++ K*,29,0.9964788732394366
bootstrap,27,KMeans++ K*,30,0.9796747967479674
bootstrap,27,RPW K* (no refinement),0,0.8779712448522505
bootstrap,27,RPW K* (no refinement),1,0.9740515591579422
bootstrap,27,RPW K* (no refinement),2,0.97130726563035
bootstrap,27,RPW K* (no refinement),3,0.8971195992485911
bootstrap,27,RPW K* (no refinement),4,0.9562089677329236
bootstrap,27,RPW K* (no refinement),5,0.9103359870462826
bootstrap,27,RPW K* (no refinement),6,0.6336980306345733
bootstrap,27,RPW K* (no refinement),7,0.9044088572558323
bootstrap,27,RPW K* (no refinement),8,0.9178810764812254
bootstrap,27,RPW K* (no refinement),9,0.9759392691713844
bootstrap,27,RPW K* (no refinement),10,0.7286135693215339
bootstrap,27,RPW K* (no refinement),11,0.9083532219570406
bootstrap,27,RPW K* (no refinement),12,0.8253430459088599
bootstrap,27,RPW K* (no refinement),13,0.10142977291841884
bootstrap,27,RPW K* (no refinement),14,0.6376561826798793
bootstrap,27,RPW K* (no refinement),15,0.807411907654921
bootstrap,27,RPW K* (no refinement),16,0.7238773747841105
bootstrap,27,RPW K* (no refinement),17,0.5366052502853416
bootstrap,27,RPW K* (no refinement),18,0.19717573221757323
bootstrap,27,RPW K* (no refinement),19,0.6365257259296995
bootstrap,27,RPW K* (no refinement),20,0.714694929819536
bootstrap,27,RPW K* (no refinement),21,0.2315625270820695
bootstrap,27,RPW K* (no refinement),22,0.9335981838819524
bootstrap,27,RPW K* (no refinement),23,0.9293862031504617
bootstrap,27,RPW K* (no refinement),24,0.7900120336943441
bootstrap,27,RPW K* (no refinement),25,0.9491114701130856
bootstrap,27,RPW K* (no refinement),26,0.9854545454545455
bootstrap,27,RPW K* (no refinement),27,0.8788732394366198
bootstrap,27,RPW K* (no refinement),28,0.9418604651162791
bootstrap,27,RPW K* (no refinement),29,0.9099616858237548
bootstrap,27,RPW K* (no refinement),30,0.954225352112676
bootstrap,28,ZSH,0,0.9993069192560934
bootstrap,28,ZSH,1,0.36410828435368314
bootstrap,28,ZSH,2,0.9891155531215772
bootstrap,28,ZSH,3,0.9945648337686173
bootstrap,28,ZSH,4,0.8994995265791965
bootstrap,28,ZSH,5,0.5410948574875585
bootstrap,28,ZSH,6,0.37460410271402816
bootstrap,28,ZSH,7,0.9405452185201212
bootstrap,28,ZSH,8,0.9672957323611409
bootstrap,28,ZSH,9,0.9959365578712807
bootstrap,28,ZSH,10,0.7610720198675497
bootstrap,28,ZSH,11,0.5739661654135338
bootstrap,28,ZSH,12,0.9024157660521297
bootstrap,28,ZSH,13,0.559441507387827
bootstrap,28,ZSH,14,0.8659611992945326
bootstrap,28,ZSH,15,0.8432912962580111
bootstrap,28,ZSH,16,0.8502915177731803
bootstrap,28,ZSH,17,0.25180086441491917
bootstrap,28,ZSH,18,0.6181850789096126
bootstrap,28,ZSH,19,0.6887947269303202
bootstrap,28,ZSH,20,0.3486005089058524
bootstrap,28,ZSH,21,0.9022435897435898
bootstrap,28,ZSH,22,0.9445182724252492
bootstrap,28,ZSH,23,0.3293879907621247
bootstrap,28,ZSH,24,0.910917979359044
bootstrap,28,ZSH,25,0.891647855530474
bootstrap,28,ZSH,26,0.4189580318379161
bootstrap,28,ZSH,27,0.8337662337662337
bootstrap,28,ZSH,28,0.8758526603001364
bootstrap,28,ZSH,29,0.96484375
bootstrap,28,ZSH,30,0.9528795811518325
bootstrap,28,KMeans++ K*,0,0.9339889056984367
bootstrap,28,KMeans++ K*,1,0.782520074119827
bootstrap,28,KMeans++ K*,2,0.4464296384822229
bootstrap,28,KMeans++ K*,3,0.6357294675459153
bootstrap,28,KMeans++ K*,4,0.9336029411764706
bootstrap,28,KMeans++ K*,5,0.3774273091544231
bootstrap,28,KMeans++ K*,6,0.7638775510204082
bootstrap,28,KMeans++ K*,7,0.351891560729055
bootstrap,28,KMeans++ K*,8,0.35781922525107607
bootstrap,28,KMeans++ K*,9,0.8848078356222719
bootstrap,28,KMeans++ K*,10,0.5825376423062798
bootstrap,28,KMeans++ K*,11,0.7367864693446089
bootstrap,28,KMeans++ K*,12,0.5803252677508925
bootstrap,28,KMeans++ K*,13,0.25424657534246575
bootstrap,28,KMeans++ K*,14,0.5970969414204251
bootstrap,28,KMeans++ K*,15,0.2564833285836421
bootstrap,28,KMeans++ K*,16,0.7312698412698413
bootstrap,28,KMeans++ K*,17,0.8798365777457342
bootstrap,28,KMeans++ K*,18,0.6190639465112292
bootstrap,28,KMeans++ K*,19,0.6499032882011605
bootstrap,28,KMeans++ K*,20,0.5655899802241265
bootstrap,28,KMeans++ K*,21,0.23479841374752147
bootstrap,28,KMeans++ K*,22,0.6008492569002123
bootstrap,28,KMeans++ K*,23,0.8634301270417423
bootstrap,28,KMeans++ K*,24,0.7384259259259259
bootstrap,28,KMeans++ K*,25,0.9565610859728507
bootstrap,28,KMeans++ K*,26,0.900990099009901
bootstrap,28,KMeans++ K*,27,0.9496062992125984
bootstrap,28,KMeans++ K*,28,0.12513842746400886
bootstrap,28,KMeans++ K*,29,0.968421052631579
bootstrap,28,KMeans++ K*,30,0.9796747967479674
bootstrap,28,RPW K* (no refinement),0,0.675803916827853
bootstrap,28,RPW K* (no refinement),1,0.9993069192560934
bootstrap,28,RPW K* (no refinement),2,0.989997259523157
bootstrap,28,RPW K* (no refinement),3,0.26595590016961473
bootstrap,28,RPW K* (no refinement),4,0.9950557988416443
bootstrap,28,RPW K* (no refinement),5,0.9405606688681234
bootstrap,28,RPW K* (no refinement),6,0.9391214112763749
bootstrap,28,RPW K* (no refinement),7,0.9658348505944093
bootstrap,28,RPW K* (no refinement),8,0.7669807965860598
bootstrap,28,RPW K* (no refinement),9,0.9960676366496264
bootstrap,28,RPW K* (no refinement),10,0.4995475113122172
bootstrap,28,RPW K* (no refinement),11,0.9032516418388595
bootstrap,28,RPW K* (no refinement),12,0.8867664773705042
bootstrap,28,RPW K* (no refinement),13,0.8535701966195239
bootstrap,28,RPW K* (no refinement),14,0.839414553700268
bootstrap,28,RPW K* (no refinement),15,0.9315352697095436
bootstrap,28,RPW K* (no refinement),16,0.7483487450462352
bootstrap,28,RPW K* (no refinement),17,0.6229181752353367
bootstrap,28,RPW K* (no refinement),18,0.6869708372530574
bootstrap,28,RPW K* (no refinement),19,0.9422222222222222
bootstrap,28,RPW K* (no refinement),20,0.8227702896472613
bootstrap,28,RPW K* (no refinement),21,0.9441860465116279
bootstrap,28,RPW K* (no refinement),22,0.9635650224215246
bootstrap,28,RPW K* (no refinement),23,0.650623119896863
bootstrap,28,RPW K* (no refinement),24,0.9600967351874244
bootstrap,28,RPW K* (no refinement),25,0.5970149253731343
bootstrap,28,RPW K* (no refinement),26,0.38343834383438347
bootstrap,28,RPW K* (no refinement),27,0.9133425034387895
bootstrap,28,RPW K* (no refinement),28,0.5468451242829828
bootstrap,28,RPW K* (no refinement),29,0.962671905697446
bootstrap,28,RPW K* (no refinement),30,0.7604456824512534
bootstrap,29,ZSH,0,0.9647078501338091
bootstrap,29,ZSH,1,0.7810127304903808
bootstrap,29,ZSH,2,0.9323615557523329
bootstrap,29,ZSH,3,0.9311971147177139
bootstrap,29,ZSH,4,0.9277066518229892
bootstrap,29,ZSH,5,0.827572128470332
bootstrap,29,ZSH,6,0.7647103484929011
bootstrap,29,ZSH,7,0.6201154042801841
bootstrap,29,ZSH,8,0.945048121701335
bootstrap,29,ZSH,9,0.9625654784719561
bootstrap,29,ZSH,10,0.8807558904437268
bootstrap,29,ZSH,11,0.6615817883126027
bootstrap,29,ZSH,12,0.893022513172601
bootstrap,29,ZSH,13,0.8418117289166808
bootstrap,29,ZSH,14,0.9398886827458256
bootstrap,29,ZSH,15,0.5993558325164543
bootstrap,29,ZSH,16,0.8554601716909562
bootstrap,29,ZSH,17,0.5272877164056059
bootstrap,29,ZSH,18,0.4736290080910998
bootstrap,29,ZSH,19,0.1830655129789864
bootstrap,29,ZSH,20,0.6472524689794885
bootstrap,29,ZSH,21,0.67656138684398
bootstrap,29,ZSH,22,0.23399188569412596
bootstrap,29,ZSH,23,0.4817027632561613
bootstrap,29,ZSH,24,0.9129711751662971
bootstrap,29,ZSH,25,0.184598580010923
bootstrap,29,ZSH,26,0.44285714285714284
bootstrap,29,ZSH,27,0.7619877942458587
bootstrap,29,ZSH,28,0.8868458274398868
bootstrap,29,ZSH,29,0.8825757575757576
bootstrap,29,ZSH,30,0.5130890052356021
bootstrap,29,KMeans++ K*,0,0.9866284622731614
bootstrap,29,KMeans++ K*,1,0.9347404020792885
bootstrap,29,KMeans++ K*,2,0.9575397638064032
bootstrap,29,KMeans++ K*,3,0.7713374262670037
bootstrap,29,KMeans++ K*,4,0.7890280089744518
bootstrap,29,KMeans++ K*,5,0.5680904041371385
bootstrap,29,KMeans++ K*,6,0.8636327281452452
bootstrap,29,KMeans++ K*,7,0.7940890688259109
bootstrap,29,KMeans++ K*,8,0.3642702971940893
bootstrap,29,KMeans++ K*,9,0.8989597166888004
bootstrap,29,KMeans++ K*,10,0.8068108802741486
bootstrap,29,KMeans++ K*,11,0.9855449928376091
bootstrap,29,KMeans++ K*,12,0.549885007118607
bootstrap,29,KMeans++ K*,13,0.47469733656174334
bootstrap,29,KMeans++ K*,14,0.5085478887744593
bootstrap,29,KMeans++ K*,15,0.510257469365276
bootstrap,29,KMeans++ K*,16,0.7833132218583003
bootstrap,29,KMeans++ K*,17,0.8456423652339112
bootstrap,29,KMeans++ K*,18,0.2650216613298173
bootstrap,29,KMeans++ K*,19,0.5607341221927071
bootstrap,29,KMeans++ K*,20,0.8856222311719694
bootstrap,29,KMeans++ K*,21,0.170625
bootstrap,29,KMeans++ K*,22,0.9597467209407508
bootstrap,29,KMeans++ K*,23,0.9932150313152401
bootstrap,29,KMeans++ K*,24,0.8846153846153846
bootstrap,29,KMeans++ K*,25,0.9853613906678865
bootstrap,29,KMeans++ K*,26,0.9558011049723757
bootstrap,29,KMeans++ K*,27,0.9950248756218906
bootstrap,29,KMeans++ K*,28,0.946058091286307
bootstrap,29,KMeans++ K*,29,0.9964912280701754
bootstrap,29,KMeans++ K*,30,0.9919354838709677
bootstrap,29,RPW K* (no refinement),0,0.8931699432394843
bootstrap,29,RPW K* (no refinement),1,0.9647078501338091
bootstrap,29,RPW K* (no refinement),2,0.9329970690477813
bootstrap,29,RPW K* (no refinement),3,0.7895684609942761
bootstrap,29,RPW K* (no refinement),4,0.9311277569704536
bootstrap,29,RPW K* (no refinement),5,0.9256629776571309
bootstrap,29,RPW K* (no refinement),6,0.9610240056692355
bootstrap,29,RPW K* (no refinement),7,0.9544079290558164
bootstrap,29,RPW K* (no refinement),8,0.8894715196380835
bootstrap,29,RPW K* (no refinement),9,0.9694244604316546
bootstrap,29,RPW K* (no refinement),10,0.6393134258170703
bootstrap,29,RPW K* (no refinement),11,0.8932225063938619
bootstrap,29,RPW K* (no refinement),12,0.8435120960920318
bootstrap,29,RPW K* (no refinement),13,0.9300686664257318
bootstrap,29,RPW K* (no refinement),14,0.8811203319502074
bootstrap,29,RPW K* (no refinement),15,0.8568858684789127
bootstrap,29,RPW K* (no refinement),16,0.5294117647058824
bootstrap,29,RPW K* (no refinement),17,0.4776658144081817
bootstrap,29,RPW K* (no refinement),18,0.20404667594475967
bootstrap,29,RPW K* (no refinement),19,0.6785884597043396
bootstrap,29,RPW K* (no refinement),20,0.6719398340248963
bootstrap,29,RPW K* (no refinement),21,0.9400463729711825
bootstrap,29,RPW K* (no refinement),22,0.9289740698985344
bootstrap,29,RPW K* (no refinement),23,0.5778321108394459
bootstrap,29,RPW K* (no refinement),24,0.18353969410050983
bootstrap,29,RPW K* (no refinement),25,0.5172413793103449
bootstrap,29,RPW K* (no refinement),26,0.3931203931203931
bootstrap,29,RPW K* (no refinement),27,0.8972895863052782
bootstrap,29,RPW K* (no refinement),28,0.34642233856893545
bootstrap,29,RPW K* (no refinement),29,0.8925143953934741
bootstrap,29,RPW K* (no refinement),30,0.717948717948718
